t,plant,axis,Conc_Nitrates_Soil,SRWC,Tsoil,mineralisation,nitrates,volume,water_content,water_potential
0,1,MS,NA,80.00000000,12,NA,800000.00000000,1,80.00000000,-0.03367976
1,1,MS,357143.00000000,80.00000000,10,0.00333894,357143.00000000,1,80.00000000,-0.03367976
2,1,MS,357143.00000000,80.00000000,10,0.00333894,357143.00000000,1,80.00000000,-0.03367976
3,1,MS,357143.00000000,80.00000000,10,0.00333894,357143.00000000,1,80.00000000,-0.03367976
