t,day,DOY,hour,air_temperature,PARi,soil_temperature,humidity,ambient_CO2,Wind,,,
0,0,347,12,5.2,516.2222222,5.84,0.95,400,2.9,,,
1,0,347,13,5.6,549.8888889,6.264,0.88,400,2.9,,,
2,0,347,14,4.8,392.7777778,5.415,0.92,400,2.9,,,
3,0,347,15,3.6,157.1111111,6.223,0.95,400,2.9,,,
4,0,347,16,3.5,22.44444444,5.957,0.96,400,2.9,,,
5,0,347,17,3.6,0,5.733,0.97,400,2.9,,,
6,0,347,18,3.7,0,5.59,0.98,400,2.9,,,
7,0,347,19,3.9,0,5.511,0.99,400,2.9,,,
8,0,347,20,3.9,0,5.48,0.99,400,2.9,,,
9,0,347,21,4.4,0,5.455,0.99,400,2.9,,,
10,0,347,22,4.7,0,5.45,0.99,400,2.9,,,
11,0,347,23,4.4,0,5.466,0.99,400,2.9,,,
12,0,347,24,4.3,0,5.445,0.98,400,4.6,,,
13,0,348,1,4.5,0,5.385,0.96,400,4.6,,,
14,0,348,2,4.5,0,5.346,0.96,400,4.6,,,
15,0,348,3,5.1,0,5.347,0.96,400,4.6,,,
16,0,348,4,5.5,0,5.401,0.95,400,4.6,,,
17,0,348,5,5.8,0,5.489,0.95,400,4.6,,,
18,0,348,6,6.2,0,5.6,0.94,400,4.6,,,
19,0,348,7,6.6,0,5.712,0.94,400,4.6,,,
20,0,348,8,7.1,0,5.84,0.93,400,4.6,,,
21,0,348,9,7.2,11.22222222,6.001,0.95,400,4.6,,,
22,0,348,10,7.7,33.66666667,6.203,0.95,400,4.6,,,
23,0,348,11,7.6,33.66666667,6.433,0.95,400,4.6,,,
24,1,348,12,7.7,22.44444444,6.626,0.95,400,4.6,Tair,PARi,
25,1,348,13,7.9,44.88888889,6.773,0.96,400,4.6,8.1625,1054.888889,7.110375
26,1,348,14,8.3,56.11111111,6.931,0.95,400,4.6,,,
27,1,348,15,8.4,33.66666667,7.14,0.96,400,4.6,,,
28,1,348,16,8.8,11.22222222,7.305,0.96,400,4.6,,,
29,1,348,17,9.1,0,7.425,0.95,400,4.6,,,
30,1,348,18,9.2,0,7.5,0.95,400,4.6,,,
31,1,348,19,9.1,0,7.57,0.92,400,4.6,,,
32,1,348,20,9.4,0,7.535,0.9,400,4.6,,,
33,1,348,21,8.9,0,7.59,0.88,400,4.6,,,
34,1,348,22,8.8,0,7.52,0.85,400,4.6,,,
35,1,348,23,8.8,0,7.365,0.87,400,4.6,,,
36,1,348,24,8.8,0,7.43,0.91,400,5.2,,,
37,1,349,1,8.8,0,7.53,0.84,400,5.2,,,
38,1,349,2,8.5,0,7.465,0.78,400,5.2,,,
39,1,349,3,7.8,0,7.16,0.84,400,5.2,,,
40,1,349,4,8.5,0,7.015,0.82,400,5.2,,,
41,1,349,5,7.9,0,7.035,0.82,400,5.2,,,
42,1,349,6,7.2,0,6.996,0.88,400,5.2,,,
43,1,349,7,6.6,0,6.928,0.86,400,5.2,,,
44,1,349,8,6.1,0,6.727,0.86,400,5.2,,,
45,1,349,9,6.6,157.1111111,6.381,0.83,400,5.2,,,
46,1,349,10,7.2,359.1111111,6.25,0.79,400,5.2,,,
47,1,349,11,7.5,370.3333333,6.452,0.79,400,5.2,,,
48,2,349,12,8.6,594.7777778,6.756,0.71,400,5.2,,,
49,2,349,13,8.8,493.7777778,7.075,0.7,400,5.2,,,
50,2,349,14,8.5,314.2222222,7.195,0.71,400,5.2,,,
51,2,349,15,8,213.2222222,7.135,0.7,400,5.2,,,
52,2,349,16,7.5,11.22222222,7.038,0.72,400,5.2,,,
53,2,349,17,6.5,0,6.736,0.78,400,5.2,,,
54,2,349,18,5.8,0,6.371,0.82,400,5.2,,,
55,2,349,19,5.2,0,6.143,0.89,400,5.2,,,
56,2,349,20,5.6,0,5.922,0.88,400,5.2,,,
57,2,349,21,5.7,0,5.792,0.87,400,5.2,,,
58,2,349,22,5.7,0,5.711,0.87,400,5.2,,,
59,2,349,23,5.1,0,5.686,0.9,400,5.2,,,
60,2,349,24,4.6,0,5.675,0.92,400,4.2,,,
61,2,350,1,4.3,0,5.621,0.93,400,4.2,,,
62,2,350,2,4.1,0,5.535,0.93,400,4.2,,,
63,2,350,3,4,0,5.433,0.94,400,4.2,,,
64,2,350,4,4,0,5.351,0.95,400,4.2,,,
65,2,350,5,3.8,0,5.298,0.95,400,4.2,,,
66,2,350,6,3.9,0,5.246,0.95,400,4.2,,,
67,2,350,7,3.6,0,5.174,0.94,400,4.2,,,
68,2,350,8,3.6,0,5.087,0.94,400,4.2,,,
69,2,350,9,3.6,22.44444444,4.998,0.94,400,4.2,,,
70,2,350,10,3.6,44.88888889,4.948,0.94,400,4.2,,,
71,2,350,11,4.1,101,4.967,0.94,400,4.2,,,
72,3,350,12,4.4,123.4444444,5.114,0.92,400,4.2,,,
73,3,350,13,4.5,145.8888889,5.328,0.88,400,4.2,,,
74,3,350,14,4.6,123.4444444,5.435,0.86,400,4.2,,,
75,3,350,15,4.4,112.2222222,5.442,0.83,400,4.2,,,
76,3,350,16,4.1,56.11111111,5.256,0.81,400,4.2,,,
77,3,350,17,3.3,0,4.898,0.82,400,4.2,,,
78,3,350,18,2.7,0,4.395,0.83,400,4.2,,,
79,3,350,19,1.8,0,3.926,0.85,400,4.2,,,
80,3,350,20,1.6,0,3.537,0.88,400,4.2,,,
81,3,350,21,1.5,0,3.16,0.89,400,4.2,,,
82,3,350,22,0.9,0,2.847,0.91,400,4.2,,,
83,3,350,23,1,0,2.605,0.92,400,4.2,,,
84,3,350,24,1.1,0,2.494,0.93,400,1.4,,,
85,3,351,1,0.5,0,2.457,0.93,400,1.4,,,
86,3,351,2,0.7,0,2.403,0.94,400,1.4,,,
87,3,351,3,0.6,0,2.354,0.95,400,1.4,,,
88,3,351,4,-0.3,0,2.303,0.96,400,1.4,,,
89,3,351,5,-0.8,0,2.241,0.97,400,1.4,,,
90,3,351,6,0,0,2.179,0.97,400,1.4,,,
91,3,351,7,-0.7,0,2.143,0.97,400,1.4,,,
92,3,351,8,-1,11.22222222,2.07,0.98,400,1.4,,,
93,3,351,9,-0.1,145.8888889,1.988,0.97,400,1.4,,,
94,3,351,10,1.3,392.7777778,1.932,0.97,400,1.4,,,
95,3,351,11,2.1,505,1.921,0.93,400,1.4,,,
96,4,351,12,3.2,594.7777778,2.044,0.83,400,1.4,,,
97,4,351,13,3.2,460.1111111,2.516,0.75,400,1.4,,,
98,4,351,14,3.7,291.7777778,2.926,0.75,400,1.4,,,
99,4,351,15,3.2,224.4444444,3.189,0.73,400,1.4,,,
100,4,351,16,2.4,33.66666667,3.181,0.78,400,1.4,,,
101,4,351,17,1.7,0,2.891,0.79,400,1.4,,,
102,4,351,18,1.3,0,2.601,0.83,400,1.4,,,
103,4,351,19,1.1,0,2.25,0.87,400,1.4,,,
104,4,351,20,1.3,0,2.098,0.81,400,1.4,,,
105,4,351,21,1.5,0,2.023,0.79,400,1.4,,,
106,4,351,22,1,0,1.946,0.85,400,1.4,,,
107,4,351,23,0.8,0,1.849,0.89,400,1.4,,,
108,4,351,24,0.8,0,1.787,0.89,400,2.4,,,
109,4,352,1,0.8,0,1.742,0.9,400,2.4,,,
110,4,352,2,1.1,0,1.725,0.9,400,2.4,,,
111,4,352,3,0.7,0,1.72,0.91,400,2.4,,,
112,4,352,4,0.6,0,1.682,0.91,400,2.4,,,
113,4,352,5,0.9,0,1.654,0.91,400,2.4,,,
114,4,352,6,1.2,0,1.656,0.88,400,2.4,,,
115,4,352,7,1.7,0,1.658,0.86,400,2.4,,,
116,4,352,8,1.9,0,1.68,0.83,400,2.4,,,
117,4,352,9,2,56.11111111,1.7,0.83,400,2.4,,,
118,4,352,10,2.7,168.3333333,1.765,0.8,400,2.4,,,
119,4,352,11,3.8,314.2222222,1.95,0.76,400,2.4,,,
120,5,352,12,4.8,303,2.398,0.74,400,2.4,,,
121,5,352,13,4.9,224.4444444,2.99,0.73,400,2.4,,,
122,5,352,14,5.1,190.7777778,3.397,0.76,400,2.4,,,
123,5,352,15,5,101,3.691,0.78,400,2.4,,,
124,5,352,16,4,33.66666667,3.782,0.82,400,2.4,,,
125,5,352,17,3.5,0,3.664,0.85,400,2.4,,,
126,5,352,18,2.4,0,3.476,0.87,400,2.4,,,
127,5,352,19,2,0,3.177,0.89,400,2.4,,,
128,5,352,20,1.9,0,2.729,0.87,400,2.4,,,
129,5,352,21,1.6,0,2.489,0.88,400,2.4,,,
130,5,352,22,1.5,0,2.438,0.89,400,2.4,,,
131,5,352,23,1.2,0,2.412,0.9,400,2.4,,,
132,5,352,24,1.2,0,2.359,0.9,400,1.9,,,
133,5,353,1,0.4,0,2.303,0.9,400,1.9,,,
134,5,353,2,-0.2,0,2.046,0.91,400,1.9,,,
135,5,353,3,-0.6,0,1.827,0.94,400,1.9,,,
136,5,353,4,-0.2,0,1.733,0.9,400,1.9,,,
137,5,353,5,-0.6,0,1.66,0.91,400,1.9,,,
138,5,353,6,-1.3,0,1.597,0.94,400,1.9,,,
139,5,353,7,-1.6,0,1.531,0.96,400,1.9,,,
140,5,353,8,-2.1,0,1.466,0.97,400,1.9,,,
141,5,353,9,-1.2,157.1111111,1.393,0.97,400,1.9,,,
142,5,353,10,0.2,392.7777778,1.347,0.94,400,1.9,,,
143,5,353,11,2.1,538.6666667,1.33,0.81,400,1.9,,,
144,6,353,12,2.8,516.2222222,1.34,0.77,400,1.9,,,
145,6,353,13,3.4,336.6666667,1.498,0.75,400,1.9,,,
146,6,353,14,3.2,336.6666667,1.757,0.79,400,1.9,,,
147,6,353,15,2.9,179.5555556,2.085,0.81,400,1.9,,,
148,6,353,16,1.8,44.88888889,2.131,0.83,400,1.9,,,
149,6,353,17,1.3,0,1.902,0.85,400,1.9,,,
150,6,353,18,0.8,0,1.637,0.89,400,1.9,,,
151,6,353,19,0.6,0,1.512,0.91,400,1.9,,,
152,6,353,20,0.3,0,1.454,0.93,400,1.9,,,
153,6,353,21,0.2,0,1.407,0.92,400,1.9,,,
154,6,353,22,0.5,0,1.377,0.91,400,1.9,,,
155,6,353,23,0.9,0,1.362,0.89,400,1.9,,,
156,6,353,24,1.6,0,1.364,0.93,400,3.1,,,
157,6,354,1,1.7,0,1.379,0.96,400,3.1,,,
158,6,354,2,1.8,0,1.408,0.97,400,3.1,,,
159,6,354,3,2,0,1.474,0.98,400,3.1,,,
160,6,354,4,2,0,1.584,0.98,400,3.1,,,
161,6,354,5,2.4,0,1.697,0.99,400,3.1,,,
162,6,354,6,2.4,0,1.84,0.99,400,3.1,,,
163,6,354,7,1.3,0,1.896,0.99,400,3.1,,,
164,6,354,8,1.3,0,1.677,1,400,3.1,,,
165,6,354,9,1.8,112.2222222,1.459,1,400,3.1,,,
166,6,354,10,3.1,370.3333333,1.43,0.99,400,3.1,,,
167,6,354,11,4.5,448.8888889,1.862,0.94,400,3.1,,,
168,7,354,12,5.5,516.2222222,2.571,0.88,400,3.1,,,
169,7,354,13,6.6,572.3333333,3.346,0.82,400,3.1,,,
170,7,354,14,6.1,404,4.05,0.83,400,3.1,,,
171,7,354,15,6.3,224.4444444,4.233,0.82,400,3.1,,,
172,7,354,16,4.7,67.33333333,4.016,0.86,400,3.1,,,
173,7,354,17,3.9,0,3.58,0.89,400,3.1,,,
174,7,354,18,3.8,0,3.065,0.92,400,3.1,,,
175,7,354,19,4.2,0,2.845,0.91,400,3.1,,,
176,7,354,20,4.4,0,2.865,0.91,400,3.1,,,
177,7,354,21,4.6,0,2.97,0.9,400,3.1,,,
178,7,354,22,4.4,0,3.085,0.92,400,3.1,,,
179,7,354,23,4.3,0,3.187,0.94,400,3.1,,,
180,7,354,24,4.2,0,3.29,0.95,400,5.6,,,
181,7,355,1,4.8,0,3.422,0.97,400,5.6,,,
182,7,355,2,5,0,3.603,0.98,400,5.6,,,
183,7,355,3,5,0,3.808,0.98,400,5.6,,,
184,7,355,4,5,0,3.949,0.98,400,5.6,,,
185,7,355,5,5.3,0,4.072,0.98,400,5.6,,,
186,7,355,6,5.7,0,4.213,0.99,400,5.6,,,
187,7,355,7,5.7,0,4.358,0.99,400,5.6,,,
188,7,355,8,5.8,0,4.479,0.99,400,5.6,,,
189,7,355,9,6,33.66666667,4.617,0.99,400,5.6,,,
190,7,355,10,6.5,89.77777778,4.808,0.99,400,5.6,,,
191,7,355,11,7,157.1111111,5.093,0.99,400,5.6,,,
192,8,355,12,7.4,179.5555556,5.429,0.99,400,5.6,,,
193,8,355,13,8.3,224.4444444,5.865,0.98,400,5.6,,,
194,8,355,14,8.7,134.6666667,6.272,0.96,400,5.6,,,
195,8,355,15,9.1,112.2222222,6.506,0.94,400,5.6,,,
196,8,355,16,8.7,22.44444444,6.654,0.93,400,5.6,,,
197,8,355,17,8.4,0,6.688,0.96,400,5.6,,,
198,8,355,18,8.7,0,6.685,0.93,400,5.6,,,
199,8,355,19,9,0,6.684,0.9,400,5.6,,,
200,8,355,20,8.9,0,6.668,0.89,400,5.6,,,
201,8,355,21,9.2,0,6.646,0.89,400,5.6,,,
202,8,355,22,8.7,0,6.643,0.9,400,5.6,,,
203,8,355,23,9,0,6.722,0.91,400,5.6,,,
204,8,355,24,8.8,0,6.8,0.92,400,6.8,,,
205,8,356,1,9,0,6.862,0.91,400,6.8,,,
206,8,356,2,8.8,0,6.91,0.93,400,6.8,,,
207,8,356,3,8.6,0,6.963,0.96,400,6.8,,,
208,8,356,4,8.4,0,7.035,0.97,400,6.8,,,
209,8,356,5,8.8,0,7.065,0.98,400,6.8,,,
210,8,356,6,8.6,0,7.1,0.97,400,6.8,,,
211,8,356,7,8,0,7.135,0.98,400,6.8,,,
212,8,356,8,6.9,0,7.09,0.97,400,6.8,,,
213,8,356,9,6.9,11.22222222,6.946,0.98,400,6.8,,,
214,8,356,10,6.8,33.66666667,6.832,0.98,400,6.8,,,
215,8,356,11,6.9,78.55555556,6.83,0.99,400,6.8,,,
216,9,356,12,6.9,89.77777778,6.871,0.98,400,6.8,,,
217,9,356,13,7.3,89.77777778,6.896,0.97,400,6.8,,,
218,9,356,14,8.1,78.55555556,6.895,0.97,400,6.8,,,
219,9,356,15,8.9,33.66666667,7.007,0.95,400,6.8,,,
220,9,356,16,9,11.22222222,7.2,0.95,400,6.8,,,
221,9,356,17,9.3,0,7.335,0.95,400,6.8,,,
222,9,356,18,9.5,0,7.475,0.89,400,6.8,,,
223,9,356,19,8.9,0,7.565,0.9,400,6.8,,,
224,9,356,20,8.9,0,7.54,0.9,400,6.8,,,
225,9,356,21,9.2,0,7.51,0.9,400,6.8,,,
226,9,356,22,9.4,0,7.545,0.91,400,6.8,,,
227,9,356,23,9.9,0,7.615,0.91,400,6.8,,,
228,9,356,24,10.3,0,7.745,0.9,400,6.7,,,
229,9,357,1,10.2,0,7.925,0.93,400,6.7,,,
230,9,357,2,10.2,0,8.07,0.93,400,6.7,,,
231,9,357,3,9.4,0,8.175,0.96,400,6.7,,,
232,9,357,4,9.1,0,8.26,0.98,400,6.7,,,
233,9,357,5,7.6,0,8.215,0.98,400,6.7,,,
234,9,357,6,7.1,0,8.055,0.98,400,6.7,,,
235,9,357,7,9.5,0,7.85,0.99,400,6.7,,,
236,9,357,8,9.8,0,7.785,0.96,400,6.7,,,
237,9,357,9,9.4,0,7.99,0.89,400,6.7,,,
238,9,357,10,9.6,33.66666667,8.025,0.84,400,6.7,,,
239,9,357,11,10.3,190.7777778,7.975,0.83,400,6.7,,,
240,10,357,12,10.9,235.6666667,8.155,0.78,400,6.7,,,
241,10,357,13,10.4,224.4444444,8.38,0.8,400,6.7,,,
242,10,357,14,10.7,145.8888889,8.435,0.79,400,6.7,,,
243,10,357,15,10.7,89.77777778,8.395,0.77,400,6.7,,,
244,10,357,16,11.1,11.22222222,8.295,0.77,400,6.7,,,
245,10,357,17,11.1,0,8.215,0.79,400,6.7,,,
246,10,357,18,10.9,0,8.235,0.83,400,6.7,,,
247,10,357,19,10.7,0,8.3,0.85,400,6.7,,,
248,10,357,20,10.4,0,8.35,0.89,400,6.7,,,
249,10,357,21,9.8,0,8.42,0.9,400,6.7,,,
250,10,357,22,10.2,0,8.4,0.89,400,6.7,,,
251,10,357,23,10,0,8.395,0.92,400,6.7,,,
252,10,357,24,9.2,0,8.45,0.9,400,4.6,,,
253,10,358,1,9.4,0,8.36,0.85,400,4.6,,,
254,10,358,2,9.7,0,8.155,0.87,400,4.6,,,
255,10,358,3,9.6,0,8.065,0.89,400,4.6,,,
256,10,358,4,9.9,0,8.045,0.89,400,4.6,,,
257,10,358,5,9.8,0,8.085,0.89,400,4.6,,,
258,10,358,6,8.1,0,8.135,0.92,400,4.6,,,
259,10,358,7,7.6,0,8.075,0.91,400,4.6,,,
260,10,358,8,7.2,0,7.82,0.93,400,4.6,,,
261,10,358,9,7,11.22222222,7.58,0.95,400,4.6,,,
262,10,358,10,7.2,33.66666667,7.425,0.93,400,4.6,,,
263,10,358,11,7.1,67.33333333,7.32,0.92,400,4.6,,,
264,11,358,12,7.2,134.6666667,7.315,0.91,400,4.6,,,
265,11,358,13,7,78.55555556,7.36,0.91,400,4.6,,,
266,11,358,14,7,89.77777778,7.265,0.9,400,4.6,,,
267,11,358,15,6.8,56.11111111,7.185,0.86,400,4.6,,,
268,11,358,16,6.5,11.22222222,7.029,0.85,400,4.6,,,
269,11,358,17,6,0,6.779,0.87,400,4.6,,,
270,11,358,18,5.4,0,6.439,0.88,400,4.6,,,
271,11,358,19,4.8,0,5.987,0.93,400,4.6,,,
272,11,358,20,4.3,0,5.571,0.94,400,4.6,,,
273,11,358,21,4.6,0,5.266,0.94,400,4.6,,,
274,11,358,22,5,0,5.235,0.94,400,4.6,,,
275,11,358,23,5.1,0,5.374,0.93,400,4.6,,,
276,11,358,24,4.9,0,5.471,0.94,400,4.2,,,
277,11,359,1,4.5,0,5.504,0.94,400,4.2,,,
278,11,359,2,4.1,0,5.495,0.95,400,4.2,,,
279,11,359,3,3.8,0,5.437,0.97,400,4.2,,,
280,11,359,4,3.6,0,5.35,0.97,400,4.2,,,
281,11,359,5,3.7,0,5.262,0.99,400,4.2,,,
282,11,359,6,3.1,0,5.208,0.99,400,4.2,,,
283,11,359,7,3,0,5.144,1,400,4.2,,,
284,11,359,8,2.8,0,5.023,1,400,4.2,,,
285,11,359,9,3.1,56.11111111,4.908,1,400,4.2,,,
286,11,359,10,4.4,213.2222222,4.945,1,400,4.2,,,
287,11,359,11,5.6,303,5.162,0.98,400,4.2,,,
288,12,359,12,6.1,291.7777778,5.599,0.93,400,4.2,,,
289,12,359,13,8.1,460.1111111,6.054,0.87,400,4.2,,,
290,12,359,14,8.5,404,6.546,0.85,400,4.2,,,
291,12,359,15,8.6,190.7777778,6.815,0.87,400,4.2,,,
292,12,359,16,8.4,44.88888889,6.747,0.87,400,4.2,,,
293,12,359,17,8.3,0,6.533,0.87,400,4.2,,,
294,12,359,18,7.6,0,6.287,0.89,400,4.2,,,
295,12,359,19,7.6,0,6.091,0.88,400,4.2,,,
296,12,359,20,7.9,0,5.953,0.86,400,4.2,,,
297,12,359,21,8.3,0,5.841,0.82,400,4.2,,,
298,12,359,22,7.9,0,5.74,0.79,400,4.2,,,
299,12,359,23,7.8,0,5.663,0.8,400,4.2,,,
300,12,359,24,7.5,0,5.562,0.8,400,4.3,,,
301,12,360,1,7.1,0,5.395,0.81,400,4.3,,,
302,12,360,2,7.2,0,5.241,0.8,400,4.3,,,
303,12,360,3,7.2,0,5.163,0.79,400,4.3,,,
304,12,360,4,8.2,0,5.177,0.76,400,4.3,,,
305,12,360,5,8.4,0,5.242,0.76,400,4.3,,,
306,12,360,6,8.5,0,5.429,0.75,400,4.3,,,
307,12,360,7,8.7,0,5.641,0.75,400,4.3,,,
308,12,360,8,9.3,0,5.804,0.73,400,4.3,,,
309,12,360,9,9.3,33.66666667,5.967,0.74,400,4.3,,,
310,12,360,10,9.6,89.77777778,6.176,0.74,400,4.3,,,
311,12,360,11,9.5,134.6666667,6.408,0.76,400,4.3,,,
312,13,360,12,9.6,123.4444444,6.671,0.78,400,4.3,,,
313,13,360,13,9.8,145.8888889,6.884,0.77,400,4.3,,,
314,13,360,14,9.8,134.6666667,7.05,0.76,400,4.3,,,
315,13,360,15,9.7,78.55555556,7.13,0.75,400,4.3,,,
316,13,360,16,9.7,11.22222222,7.09,0.76,400,4.3,,,
317,13,360,17,9.6,0,7.025,0.77,400,4.3,,,
318,13,360,18,9.3,0,6.957,0.8,400,4.3,,,
319,13,360,19,9.5,0,6.896,0.8,400,4.3,,,
320,13,360,20,9.1,0,6.829,0.81,400,4.3,,,
321,13,360,21,8.7,0,6.805,0.85,400,4.3,,,
322,13,360,22,8.6,0,6.777,0.88,400,4.3,,,
323,13,360,23,8.6,0,6.833,0.92,400,4.3,,,
324,13,360,24,8.5,0,6.949,0.94,400,5.3,,,
325,13,361,1,8.4,0,7.075,0.94,400,5.3,,,
326,13,361,2,8.3,0,7.15,0.95,400,5.3,,,
327,13,361,3,8.3,0,7.19,0.95,400,5.3,,,
328,13,361,4,8,0,7.22,0.94,400,5.3,,,
329,13,361,5,8.2,0,7.235,0.94,400,5.3,,,
330,13,361,6,8.1,0,7.23,0.94,400,5.3,,,
331,13,361,7,7.8,0,7.195,0.94,400,5.3,,,
332,13,361,8,7.6,0,7.17,0.94,400,5.3,,,
333,13,361,9,7.9,22.44444444,7.13,0.93,400,5.3,,,
334,13,361,10,8.2,89.77777778,7.145,0.91,400,5.3,,,
335,13,361,11,8.8,190.7777778,7.24,0.87,400,5.3,,,
336,14,361,12,8.8,224.4444444,7.495,0.85,400,5.3,,,
337,14,361,13,9.2,168.3333333,7.705,0.84,400,5.3,,,
338,14,361,14,9.9,280.5555556,7.835,0.8,400,5.3,,,
339,14,361,15,9.9,179.5555556,8.02,0.79,400,5.3,,,
340,14,361,16,10.1,101,8.01,0.73,400,5.3,,,
341,14,361,17,10.3,0,7.765,0.74,400,5.3,,,
342,14,361,18,9.9,0,7.51,0.74,400,5.3,,,
343,14,361,19,10,0,7.35,0.72,400,5.3,,,
344,14,361,20,9.7,0,7.27,0.72,400,5.3,,,
345,14,361,21,9.7,0,7.125,0.71,400,5.3,,,
346,14,361,22,9.7,0,6.923,0.7,400,5.3,,,
347,14,361,23,9.3,0,6.86,0.71,400,5.3,,,
348,14,361,24,9.4,0,6.859,0.74,400,3.1,,,
349,14,1,1,8.9,0,6.797,0.76,400,3.1,,,
350,14,1,2,9.1,0,6.639,0.76,400,3.1,,,
351,14,1,3,8.6,0,6.538,0.77,400,3.1,,,
352,14,1,4,8.2,0,6.485,0.77,400,3.1,,,
353,14,1,5,7.5,0,6.297,0.8,400,3.1,,,
354,14,1,6,7.2,0,5.943,0.81,400,3.1,,,
355,14,1,7,6.9,0,5.646,0.82,400,3.1,,,
356,14,1,8,6.9,0,5.421,0.85,400,3.1,,,
357,14,1,9,7.7,101,5.104,0.84,400,3.1,,,
358,14,1,10,8.9,269.3333333,5.152,0.81,400,3.1,,,
359,14,1,11,9.2,460.1111111,5.721,0.79,400,3.1,,,
360,15,1,12,9.5,280.5555556,6.477,0.78,400,3.1,,,
361,15,1,13,9.4,224.4444444,7.003,0.78,400,3.1,,,
362,15,1,14,10.4,370.3333333,7.365,0.76,400,3.1,,,
363,15,1,15,10.2,291.7777778,7.605,0.77,400,3.1,,,
364,15,1,16,9,67.33333333,7.495,0.85,400,3.1,,,
365,15,1,17,7.8,0,7.057,0.89,400,3.1,,,
366,15,1,18,7.8,0,6.549,0.89,400,3.1,,,
367,15,1,19,8,0,6.15,0.83,400,3.1,,,
368,15,1,20,7.3,0,5.959,0.86,400,3.1,,,
369,15,1,21,7.4,0,5.768,0.89,400,3.1,,,
370,15,1,22,7,0,5.645,0.9,400,3.1,,,
371,15,1,23,6.6,0,5.564,0.93,400,3.1,,,
372,15,1,24,6.7,0,5.515,0.92,400,6.1,,,
373,15,2,1,7,0,5.539,0.93,400,6.1,,,
374,15,2,2,7.2,0,5.577,0.91,400,6.1,,,
375,15,2,3,7.9,0,5.679,0.88,400,6.1,,,
376,15,2,4,7.6,0,5.825,0.88,400,6.1,,,
377,15,2,5,7.5,0,5.924,0.88,400,6.1,,,
378,15,2,6,7.5,0,6.017,0.88,400,6.1,,,
379,15,2,7,7.4,0,6.051,0.88,400,6.1,,,
380,15,2,8,7,0,6.067,0.92,400,6.1,,,
381,15,2,9,7.4,11.22222222,6.127,0.89,400,6.1,,,
382,15,2,10,7.7,56.11111111,6.224,0.89,400,6.1,,,
383,15,2,11,8.1,101,6.391,0.9,400,6.1,,,
384,16,2,12,8.6,179.5555556,6.621,0.88,400,6.1,,,
385,16,2,13,9.1,291.7777778,6.949,0.87,400,6.1,,,
386,16,2,14,9.9,314.2222222,7.33,0.82,400,6.1,,,
387,16,2,15,9.5,224.4444444,7.44,0.82,400,6.1,,,
388,16,2,16,8.6,44.88888889,7.34,0.87,400,6.1,,,
389,16,2,17,8.4,0,7.085,0.9,400,6.1,,,
390,16,2,18,5,0,6.95,0.96,400,6.1,,,
391,16,2,19,5.3,0,6.508,0.94,400,6.1,,,
392,16,2,20,4.9,0,6.125,0.94,400,6.1,,,
393,16,2,21,5.2,0,5.72,0.91,400,6.1,,,
394,16,2,22,5.5,0,5.403,0.88,400,6.1,,,
395,16,2,23,5.6,0,5.246,0.88,400,6.1,,,
396,16,2,24,5.4,0,5.076,0.88,400,6.6,,,
397,16,3,1,4.7,0,4.863,0.88,400,6.6,,,
398,16,3,2,4.2,0,4.598,0.9,400,6.6,,,
399,16,3,3,4.7,0,4.363,0.9,400,6.6,,,
400,16,3,4,5.1,0,4.282,0.9,400,6.6,,,
401,16,3,5,5.6,0,4.317,0.92,400,6.6,,,
402,16,3,6,6,0,4.506,0.94,400,6.6,,,
403,16,3,7,6.4,0,4.825,0.94,400,6.6,,,
404,16,3,8,7.2,0,5.128,0.95,400,6.6,,,
405,16,3,9,8,33.66666667,5.509,0.95,400,6.6,,,
406,16,3,10,9.1,67.33333333,5.955,0.94,400,6.6,,,
407,16,3,11,11.1,101,6.485,0.86,400,6.6,,,
408,17,3,12,11.3,381.5555556,7.029,0.68,400,6.6,,,
409,17,3,13,10.2,213.2222222,7.375,0.71,400,6.6,,,
410,17,3,14,9.8,235.6666667,7.32,0.7,400,6.6,,,
411,17,3,15,9.3,246.8888889,7.12,0.7,400,6.6,,,
412,17,3,16,8.8,145.8888889,6.895,0.71,400,6.6,,,
413,17,3,17,7.4,0,6.568,0.8,400,6.6,,,
414,17,3,18,7.4,0,6.175,0.8,400,6.6,,,
415,17,3,19,7.6,0,5.997,0.79,400,6.6,,,
416,17,3,20,7.2,0,5.984,0.87,400,6.6,,,
417,17,3,21,7.3,0,6.056,0.91,400,6.6,,,
418,17,3,22,7.5,0,6.137,0.9,400,6.6,,,
419,17,3,23,7.8,0,6.234,0.91,400,6.6,,,
420,17,3,24,8.1,0,6.355,0.93,400,6,,,
421,17,4,1,8.8,0,6.525,0.96,400,6,,,
422,17,4,2,9.5,0,6.797,0.96,400,6,,,
423,17,4,3,10.5,0,7.145,0.97,400,6,,,
424,17,4,4,11.8,0,7.535,0.96,400,6,,,
425,17,4,5,12.1,0,8,0.94,400,6,,,
426,17,4,6,11.9,0,8.455,0.95,400,6,,,
427,17,4,7,11.9,0,8.71,0.94,400,6,,,
428,17,4,8,12.1,0,8.885,0.94,400,6,,,
429,17,4,9,12.4,67.33333333,9.035,0.91,400,6,,,
430,17,4,10,12.4,157.1111111,9.27,0.92,400,6,,,
431,17,4,11,12.9,134.6666667,9.58,0.91,400,6,,,
432,18,4,12,13.3,213.2222222,9.86,0.9,400,6,,,
433,18,4,13,13.5,303,10.205,0.89,400,6,,,
434,18,4,14,13.4,168.3333333,10.515,0.89,400,6,,,
435,18,4,15,13.3,78.55555556,10.595,0.9,400,6,,,
436,18,4,16,12.6,22.44444444,10.58,0.92,400,6,,,
437,18,4,17,12.7,0,10.48,0.93,400,6,,,
438,18,4,18,12.5,0,10.38,0.93,400,6,,,
439,18,4,19,12.6,0,10.27,0.92,400,6,,,
440,18,4,20,12.6,0,10.27,0.91,400,6,,,
441,18,4,21,12.5,0,10.29,0.92,400,6,,,
442,18,4,22,12.5,0,10.275,0.92,400,6,,,
443,18,4,23,12.4,0,10.245,0.93,400,6,,,
444,18,4,24,12.2,0,10.19,0.93,400,2.8,,,
445,18,5,1,12.2,0,10.205,0.91,400,2.8,,,
446,18,5,2,10.9,0,10.175,0.91,400,2.8,,,
447,18,5,3,10.4,0,9.845,0.91,400,2.8,,,
448,18,5,4,9.5,0,9.395,0.92,400,2.8,,,
449,18,5,5,8.9,0,9.025,0.93,400,2.8,,,
450,18,5,6,7.9,0,8.69,0.96,400,2.8,,,
451,18,5,7,8.3,0,8.335,0.97,400,2.8,,,
452,18,5,8,9.2,0,7.99,0.96,400,2.8,,,
453,18,5,9,8.9,112.2222222,7.69,0.94,400,2.8,,,
454,18,5,10,12.4,347.8888889,7.85,0.84,400,2.8,,,
455,18,5,11,12.4,392.7777778,8.495,0.83,400,2.8,,,
456,19,5,12,13.9,583.5555556,9.155,0.79,400,2.8,,,
457,19,5,13,14.6,583.5555556,9.865,0.73,400,2.8,,,
458,19,5,14,14.8,505,10.38,0.71,400,2.8,,,
459,19,5,15,13.8,314.2222222,10.58,0.73,400,2.8,,,
460,19,5,16,12.6,112.2222222,10.305,0.78,400,2.8,,,
461,19,5,17,12,0,9.785,0.83,400,2.8,,,
462,19,5,18,11.9,0,9.29,0.83,400,2.8,,,
463,19,5,19,11.6,0,8.98,0.81,400,2.8,,,
464,19,5,20,11.4,0,8.755,0.79,400,2.8,,,
465,19,5,21,11.1,0,8.515,0.79,400,2.8,,,
466,19,5,22,10.6,0,8.235,0.78,400,2.8,,,
467,19,5,23,9.9,0,8,0.81,400,2.8,,,
468,19,5,24,10.4,0,7.675,0.82,400,3.4,,,
469,19,6,1,10.1,0,7.31,0.77,400,3.4,,,
470,19,6,2,9.7,0,6.996,0.8,400,3.4,,,
471,19,6,3,7.2,0,6.772,0.86,400,3.4,,,
472,19,6,4,7.9,0,6.656,0.89,400,3.4,,,
473,19,6,5,6.8,0,6.526,0.94,400,3.4,,,
474,19,6,6,7,0,6.248,0.95,400,3.4,,,
475,19,6,7,8.1,0,6.001,0.95,400,3.4,,,
476,19,6,8,7.5,0,5.872,0.94,400,3.4,,,
477,19,6,9,8.3,145.8888889,5.745,0.93,400,3.4,,,
478,19,6,10,9.7,347.8888889,5.901,0.83,400,3.4,,,
479,19,6,11,11.1,527.4444444,6.603,0.79,400,3.4,,,
480,20,6,12,11.9,628.4444444,7.475,0.73,400,3.4,,,
481,20,6,13,12.6,617.2222222,8.27,0.71,400,3.4,,,
482,20,6,14,12.5,505,8.79,0.71,400,3.4,,,
483,20,6,15,11.9,325.4444444,8.99,0.75,400,3.4,,,
484,20,6,16,10.5,112.2222222,8.805,0.81,400,3.4,,,
485,20,6,17,10.2,0,8.38,0.84,400,3.4,,,
486,20,6,18,9.8,0,7.955,0.85,400,3.4,,,
487,20,6,19,9.9,0,7.67,0.83,400,3.4,,,
488,20,6,20,9.8,0,7.43,0.83,400,3.4,,,
489,20,6,21,9.8,0,7.305,0.82,400,3.4,,,
490,20,6,22,9.4,0,7.165,0.81,400,3.4,,,
491,20,6,23,9.3,0,7.02,0.82,400,3.4,,,
492,20,6,24,9.1,0,6.943,0.83,400,3.7,,,
493,20,7,1,8.9,0,6.901,0.83,400,3.7,,,
494,20,7,2,9.3,0,6.836,0.8,400,3.7,,,
495,20,7,3,9.2,0,6.697,0.77,400,3.7,,,
496,20,7,4,8.9,0,6.693,0.81,400,3.7,,,
497,20,7,5,8.8,0,6.755,0.83,400,3.7,,,
498,20,7,6,8.8,0,6.878,0.85,400,3.7,,,
499,20,7,7,8.6,0,6.984,0.87,400,3.7,,,
500,20,7,8,8,0,7.06,0.93,400,3.7,,,
501,20,7,9,7.8,11.22222222,7.165,0.96,400,3.7,,,
502,20,7,10,7.5,11.22222222,7.295,0.97,400,3.7,,,
503,20,7,11,7.4,101,7.405,0.98,400,3.7,,,
504,21,7,12,7.9,179.5555556,7.63,0.97,400,3.7,,,
505,21,7,13,7.7,101,7.94,0.94,400,3.7,,,
506,21,7,14,8,123.4444444,8.02,0.95,400,3.7,,,
507,21,7,15,8,168.3333333,8.105,0.91,400,3.7,,,
508,21,7,16,7.5,78.55555556,8.13,0.94,400,3.7,,,
509,21,7,17,7,0,7.85,0.95,400,3.7,,,
510,21,7,18,7.4,0,7.365,0.93,400,3.7,,,
511,21,7,19,7.3,0,7.17,0.92,400,3.7,,,
512,21,7,20,7.2,0,7.125,0.92,400,3.7,,,
513,21,7,21,7.1,0,7.09,0.95,400,3.7,,,
514,21,7,22,7.2,0,7.08,0.95,400,3.7,,,
515,21,7,23,7.6,0,7.11,0.95,400,3.7,,,
516,21,7,24,7.7,0,7.19,0.96,400,4.7,,,
517,21,8,1,7.9,0,7.28,0.96,400,4.7,,,
518,21,8,2,7.5,0,7.38,0.98,400,4.7,,,
519,21,8,3,6.6,0,7.46,0.98,400,4.7,,,
520,21,8,4,6.3,0,7.34,0.97,400,4.7,,,
521,21,8,5,6.2,0,7.1,0.94,400,4.7,,,
522,21,8,6,5.7,0,6.82,0.94,400,4.7,,,
523,21,8,7,5.1,0,6.296,0.96,400,4.7,,,
524,21,8,8,4.8,0,5.831,0.96,400,4.7,,,
525,21,8,9,5.8,145.8888889,5.547,0.93,400,4.7,,,
526,21,8,10,6.2,202,5.617,0.91,400,4.7,,,
527,21,8,11,7.2,460.1111111,5.851,0.88,400,4.7,,,
528,22,8,12,6.8,258.1111111,6.41,0.87,400,4.7,,,
529,22,8,13,7.1,303,6.681,0.85,400,4.7,,,
530,22,8,14,7.1,258.1111111,6.925,0.87,400,4.7,,,
531,22,8,15,7,101,7.035,0.87,400,4.7,,,
532,22,8,16,6.6,33.66666667,6.917,0.88,400,4.7,,,
533,22,8,17,6.3,0,6.679,0.89,400,4.7,,,
534,22,8,18,6.2,0,6.374,0.88,400,4.7,,,
535,22,8,19,6.2,0,6.062,0.88,400,4.7,,,
536,22,8,20,6.6,0,5.842,0.86,400,4.7,,,
537,22,8,21,6.1,0,5.871,0.87,400,4.7,,,
538,22,8,22,5.9,0,5.785,0.89,400,4.7,,,
539,22,8,23,6.1,0,5.554,0.87,400,4.7,,,
540,22,8,24,5.8,0,5.569,0.88,400,2.9,,,
541,22,9,1,5.7,0,5.562,0.91,400,2.9,,,
542,22,9,2,5.4,0,5.604,0.92,400,2.9,,,
543,22,9,3,4.9,0,5.612,0.93,400,2.9,,,
544,22,9,4,5,0,5.558,0.95,400,2.9,,,
545,22,9,5,4.8,0,5.495,0.94,400,2.9,,,
546,22,9,6,4.6,0,5.434,0.94,400,2.9,,,
547,22,9,7,4.1,0,5.386,0.93,400,2.9,,,
548,22,9,8,3.8,0,5.285,0.94,400,2.9,,,
549,22,9,9,4,78.55555556,5.108,0.94,400,2.9,,,
550,22,9,10,4.4,112.2222222,4.99,0.94,400,2.9,,,
551,22,9,11,5.2,224.4444444,5.033,0.89,400,2.9,,,
552,23,9,12,5.1,303,5.433,0.85,400,2.9,,,
553,23,9,13,5.5,381.5555556,5.887,0.82,400,2.9,,,
554,23,9,14,5.2,269.3333333,6.191,0.87,400,2.9,,,
555,23,9,15,4.2,258.1111111,6.255,0.88,400,2.9,,,
556,23,9,16,3.6,56.11111111,6.271,0.91,400,2.9,,,
557,23,9,17,2.3,0,5.673,0.95,400,2.9,,,
558,23,9,18,1.5,0,5.025,0.95,400,2.9,,,
559,23,9,19,1.9,0,4.388,0.96,400,2.9,,,
560,23,9,20,1,0,3.809,0.97,400,2.9,,,
561,23,9,21,0.7,0,3.34,0.98,400,2.9,,,
562,23,9,22,0.5,0,2.984,0.99,400,2.9,,,
563,23,9,23,0.7,0,2.813,0.99,400,2.9,,,
564,23,9,24,1,0,2.798,1,400,3.7,,,
565,23,10,1,1.1,0,2.863,1,400,3.7,,,
566,23,10,2,1.1,0,3.005,1,400,3.7,,,
567,23,10,3,1.1,0,3.106,1,400,3.7,,,
568,23,10,4,1.1,0,3.131,0.99,400,3.7,,,
569,23,10,5,0.8,0,3.172,1,400,3.7,,,
570,23,10,6,0.8,0,3.181,1,400,3.7,,,
571,23,10,7,0.7,0,3.141,1,400,3.7,,,
572,23,10,8,0.3,0,3.116,1,400,3.7,,,
573,23,10,9,-0.1,56.11111111,2.985,0.98,400,3.7,,,
574,23,10,10,-0.6,101,2.808,0.96,400,3.7,,,
575,23,10,11,-0.7,112.2222222,2.833,0.94,400,3.7,,,
576,24,10,12,-0.2,190.7777778,2.917,0.91,400,3.7,,,
577,24,10,13,0.3,258.1111111,3.137,0.89,400,3.7,,,
578,24,10,14,0.6,213.2222222,3.31,0.84,400,3.7,,,
579,24,10,15,0.6,190.7777778,3.232,0.85,400,3.7,,,
580,24,10,16,0.1,56.11111111,3.068,0.89,400,3.7,,,
581,24,10,17,0.4,0,2.824,0.9,400,3.7,,,
582,24,10,18,0.8,0,2.606,0.89,400,3.7,,,
583,24,10,19,0.8,0,2.525,0.9,400,3.7,,,
584,24,10,20,0.3,0,2.418,0.91,400,3.7,,,
585,24,10,21,0,0,2.237,0.91,400,3.7,,,
586,24,10,22,-0.3,0,2.085,0.9,400,3.7,,,
587,24,10,23,-0.5,0,2.016,0.89,400,3.7,,,
588,24,10,24,-0.4,0,1.935,0.88,400,4.4,,,
589,24,11,1,-0.6,0,1.866,0.87,400,4.4,,,
590,24,11,2,-0.7,0,1.814,0.88,400,4.4,,,
591,24,11,3,-0.7,0,1.759,0.89,400,4.4,,,
592,24,11,4,-0.8,0,1.712,0.9,400,4.4,,,
593,24,11,5,-0.7,0,1.671,0.85,400,4.4,,,
594,24,11,6,-0.8,0,1.625,0.86,400,4.4,,,
595,24,11,7,-0.9,0,1.579,0.87,400,4.4,,,
596,24,11,8,-1,0,1.525,0.88,400,4.4,,,
597,24,11,9,-0.7,78.55555556,1.468,0.88,400,4.4,,,
598,24,11,10,-0.2,213.2222222,1.437,0.83,400,4.4,,,
599,24,11,11,0.3,314.2222222,1.43,0.77,400,4.4,,,
600,25,11,12,0.9,370.3333333,1.432,0.74,400,4.4,,,
601,25,11,13,1.1,437.6666667,1.477,0.72,400,4.4,,,
602,25,11,14,1,280.5555556,1.578,0.69,400,4.4,,,
603,25,11,15,1.2,235.6666667,1.546,0.68,400,4.4,,,
604,25,11,16,0.5,134.6666667,1.484,0.71,400,4.4,,,
605,25,11,17,-0.2,0,1.422,0.73,400,4.4,,,
606,25,11,18,-0.6,0,1.346,0.76,400,4.4,,,
607,25,11,19,-1.2,0,1.256,0.79,400,4.4,,,
608,25,11,20,-1.2,0,1.164,0.81,400,4.4,,,
609,25,11,21,-1.4,0,1.077,0.84,400,4.4,,,
610,25,11,22,-1.4,0,0.999,0.9,400,4.4,,,
611,25,11,23,-1.5,0,0.952,0.91,400,4.4,,,
612,25,11,24,-1.9,0,0.922,0.94,400,5,,,
613,25,12,1,-2.6,0,0.872,0.97,400,5,,,
614,25,12,2,-2.2,0,0.82,0.99,400,5,,,
615,25,12,3,-2.1,0,0.765,0.99,400,5,,,
616,25,12,4,-2.7,0,0.705,1,400,5,,,
617,25,12,5,-2.5,0,0.645,1,400,5,,,
618,25,12,6,-1.7,0,0.58,1,400,5,,,
619,25,12,7,-1.7,0,0.514,1,400,5,,,
620,25,12,8,-1,22.44444444,0.453,1,400,5,,,
621,25,12,9,-0.3,157.1111111,0.409,0.98,400,5,,,
622,25,12,10,-0.2,145.8888889,0.428,0.96,400,5,,,
623,25,12,11,-0.5,168.3333333,0.454,0.97,400,5,,,
624,26,12,12,0,190.7777778,0.479,0.94,400,5,,,
625,26,12,13,0.2,224.4444444,0.499,0.85,400,5,,,
626,26,12,14,0.1,168.3333333,0.52,0.81,400,5,,,
627,26,12,15,-0.2,123.4444444,0.533,0.87,400,5,,,
628,26,12,16,-0.9,33.66666667,0.552,0.94,400,5,,,
629,26,12,17,-1.6,0,0.57,0.99,400,5,,,
630,26,12,18,-1.2,0,0.588,1,400,5,,,
631,26,12,19,-0.6,0,0.594,1,400,5,,,
632,26,12,20,0,0,0.61,1,400,5,,,
633,26,12,21,0.9,0,0.622,1,400,5,,,
634,26,12,22,1.3,0,0.637,1,400,5,,,
635,26,12,23,2,0,0.65,0.98,400,5,,,
636,26,12,24,1.8,0,0.667,0.98,400,4.3,,,
637,26,13,1,1.7,0,0.681,0.98,400,4.3,,,
638,26,13,2,0.8,0,0.697,0.99,400,4.3,,,
639,26,13,3,1.1,0,0.704,0.99,400,4.3,,,
640,26,13,4,1.1,0,0.719,0.98,400,4.3,,,
641,26,13,5,0.2,0,0.729,0.99,400,4.3,,,
642,26,13,6,0.1,0,0.737,0.98,400,4.3,,,
643,26,13,7,1.5,0,0.746,0.98,400,4.3,,,
644,26,13,8,0.7,0,0.754,0.98,400,4.3,,,
645,26,13,9,2.3,179.5555556,0.764,0.96,400,4.3,,,
646,26,13,10,2.1,235.6666667,0.768,0.94,400,4.3,,,
647,26,13,11,3.4,549.8888889,0.775,0.91,400,4.3,,,
648,27,13,12,3,258.1111111,0.793,0.94,400,4.3,,,
649,27,13,13,4.5,516.2222222,0.802,0.89,400,4.3,,,
650,27,13,14,4.4,370.3333333,0.797,0.87,400,4.3,,,
651,27,13,15,4.4,134.6666667,0.793,0.86,400,4.3,,,
652,27,13,16,3.8,33.66666667,0.802,0.91,400,4.3,,,
653,27,13,17,3.8,0,0.889,0.94,400,4.3,,,
654,27,13,18,3.9,0,1.15,0.94,400,4.3,,,
655,27,13,19,4.1,0,1.649,0.96,400,4.3,,,
656,27,13,20,4.4,0,2.057,0.96,400,4.3,,,
657,27,13,21,5,0,2.401,0.96,400,4.3,,,
658,27,13,22,4.8,0,2.728,0.97,400,4.3,,,
659,27,13,23,5.3,0,3.045,0.98,400,4.3,,,
660,27,13,24,6.3,0,3.326,0.98,400,4.5,,,
661,27,14,1,7.2,0,3.658,0.96,400,4.5,,,
662,27,14,2,6.9,0,4.013,0.96,400,4.5,,,
663,27,14,3,6.7,0,4.13,0.96,400,4.5,,,
664,27,14,4,6.2,0,4.142,0.95,400,4.5,,,
665,27,14,5,6.3,0,4.095,0.95,400,4.5,,,
666,27,14,6,5.3,0,4.027,0.95,400,4.5,,,
667,27,14,7,5.1,0,3.747,0.93,400,4.5,,,
668,27,14,8,4.6,0,3.567,0.94,400,4.5,,,
669,27,14,9,5.2,123.4444444,3.413,0.91,400,4.5,,,
670,27,14,10,6.3,392.7777778,3.518,0.88,400,4.5,,,
671,27,14,11,7.3,572.3333333,4.115,0.86,400,4.5,,,
672,28,14,12,7.5,460.1111111,4.922,0.83,400,4.5,,,
673,28,14,13,8.1,527.4444444,5.475,0.79,400,4.5,,,
674,28,14,14,7.8,516.2222222,5.765,0.77,400,4.5,,,
675,28,14,15,8,224.4444444,5.85,0.77,400,4.5,,,
676,28,14,16,6.8,134.6666667,5.463,0.78,400,4.5,,,
677,28,14,17,6.1,11.22222222,4.971,0.81,400,4.5,,,
678,28,14,18,5.3,0,4.373,0.85,400,4.5,,,
679,28,14,19,5.5,0,3.873,0.88,400,4.5,,,
680,28,14,20,5.7,0,3.631,0.87,400,4.5,,,
681,28,14,21,5.3,0,3.583,0.89,400,4.5,,,
682,28,14,22,4.9,0,3.478,0.89,400,4.5,,,
683,28,14,23,4.8,0,3.421,0.91,400,4.5,,,
684,28,14,24,5.5,0,3.364,0.89,400,6.2,,,
685,28,15,1,5.4,0,3.385,0.89,400,6.2,,,
686,28,15,2,5.3,0,3.444,0.9,400,6.2,,,
687,28,15,3,5.5,0,3.526,0.9,400,6.2,,,
688,28,15,4,5.6,0,3.69,0.9,400,6.2,,,
689,28,15,5,5.4,0,3.749,0.92,400,6.2,,,
690,28,15,6,5.2,0,3.664,0.93,400,6.2,,,
691,28,15,7,5.6,0,3.813,0.93,400,6.2,,,
692,28,15,8,5,11.22222222,3.777,0.93,400,6.2,,,
693,28,15,9,5.2,112.2222222,3.787,0.93,400,6.2,,,
694,28,15,10,6.1,303,3.952,0.9,400,6.2,,,
695,28,15,11,7.5,460.1111111,4.437,0.86,400,6.2,,,
696,29,15,12,8.4,561.1111111,5.111,0.83,400,6.2,,,
697,29,15,13,8.7,482.5555556,5.787,0.83,400,6.2,,,
698,29,15,14,8.9,415.2222222,6.29,0.82,400,6.2,,,
699,29,15,15,8.7,280.5555556,6.456,0.8,400,6.2,,,
700,29,15,16,8.1,67.33333333,6.344,0.82,400,6.2,,,
701,29,15,17,7.9,11.22222222,6.032,0.85,400,6.2,,,
702,29,15,18,8.1,0,5.794,0.85,400,6.2,,,
703,29,15,19,7.9,0,5.746,0.83,400,6.2,,,
704,29,15,20,7.7,0,5.693,0.82,400,6.2,,,
705,29,15,21,7.6,0,5.655,0.83,400,6.2,,,
706,29,15,22,7.2,0,5.6,0.87,400,6.2,,,
707,29,15,23,7.5,0,5.58,0.82,400,6.2,,,
708,29,15,24,7.2,0,5.526,0.82,400,7.7,,,
709,29,16,1,7.2,0,5.475,0.84,400,7.7,,,
710,29,16,2,7.3,0,5.463,0.86,400,7.7,,,
711,29,16,3,7.9,0,5.515,0.89,400,7.7,,,
712,29,16,4,8.3,0,5.697,0.9,400,7.7,,,
713,29,16,5,8.8,0,5.96,0.91,400,7.7,,,
714,29,16,6,8.8,0,6.247,0.89,400,7.7,,,
715,29,16,7,8.9,0,6.455,0.83,400,7.7,,,
716,29,16,8,8.8,0,6.474,0.79,400,7.7,,,
717,29,16,9,9,33.66666667,6.334,0.77,400,7.7,,,
718,29,16,10,9.1,89.77777778,6.327,0.78,400,7.7,,,
719,29,16,11,9.3,157.1111111,6.468,0.79,400,7.7,,,
720,30,16,12,9.9,280.5555556,6.704,0.78,400,7.7,,,
721,30,16,13,9.4,179.5555556,7.054,0.84,400,7.7,,,
722,30,16,14,9.2,78.55555556,7.16,0.86,400,7.7,,,
723,30,16,15,9.3,67.33333333,7.145,0.84,400,7.7,,,
724,30,16,16,8.7,33.66666667,7.125,0.88,400,7.7,,,
725,30,16,17,8.4,0,7.09,0.91,400,7.7,,,
726,30,16,18,8.1,0,7.023,0.91,400,7.7,,,
727,30,16,19,8,0,6.893,0.89,400,7.7,,,
728,30,16,20,7.8,0,6.757,0.91,400,7.7,,,
729,30,16,21,8.2,0,6.71,0.92,400,7.7,,,
730,30,16,22,7.9,0,6.734,0.93,400,7.7,,,
731,30,16,23,7,0,6.782,0.95,400,7.7,,,
732,30,16,24,6.4,0,6.772,0.97,400,2.4,,,
733,30,17,1,6.4,0,6.607,0.98,400,2.4,,,
734,30,17,2,6.3,0,6.434,0.94,400,2.4,,,
735,30,17,3,6.1,0,6.234,0.89,400,2.4,,,
736,30,17,4,5.9,0,5.999,0.89,400,2.4,,,
737,30,17,5,5.7,0,5.828,0.89,400,2.4,,,
738,30,17,6,5.1,0,5.702,0.93,400,2.4,,,
739,30,17,7,4.9,0,5.548,0.95,400,2.4,,,
740,30,17,8,4.9,0,5.412,0.95,400,2.4,,,
741,30,17,9,4.9,22.44444444,5.302,0.95,400,2.4,,,
742,30,17,10,5.3,67.33333333,5.314,0.95,400,2.4,,,
743,30,17,11,5.7,157.1111111,5.462,0.93,400,2.4,,,
744,31,17,12,6.3,157.1111111,5.715,0.91,400,2.4,,,
745,31,17,13,6.8,291.7777778,6.012,0.89,400,2.4,,,
746,31,17,14,7,314.2222222,6.383,0.87,400,2.4,,,
747,31,17,15,7.1,179.5555556,6.654,0.88,400,2.4,,,
748,31,17,16,7.1,67.33333333,6.704,0.88,400,2.4,,,
749,31,17,17,6.5,11.22222222,6.524,0.9,400,2.4,,,
750,31,17,18,6.6,0,6.116,0.89,400,2.4,,,
751,31,17,19,5.4,0,5.963,0.91,400,2.4,,,
752,31,17,20,4.5,0,5.533,0.94,400,2.4,,,
753,31,17,21,4.6,0,4.896,0.95,400,2.4,,,
754,31,17,22,3.9,0,4.27,0.96,400,2.4,,,
755,31,17,23,3.8,0,3.725,0.97,400,2.4,,,
756,31,17,24,3.2,0,3.296,0.98,400,3.3,,,
757,31,18,1,1.8,0,2.926,0.99,400,3.3,,,
758,31,18,2,2.2,0,2.658,1,400,3.3,,,
759,31,18,3,2.7,0,2.475,1,400,3.3,,,
760,31,18,4,1.7,0,2.323,1,400,3.3,,,
761,31,18,5,0.5,0,2.203,1,400,3.3,,,
762,31,18,6,0.6,0,2.107,1,400,3.3,,,
763,31,18,7,-0.4,0,2.006,1,400,3.3,,,
764,31,18,8,0.3,11.22222222,1.913,1,400,3.3,,,
765,31,18,9,0.8,269.3333333,1.832,1,400,3.3,,,
766,31,18,10,4.8,448.8888889,1.789,0.99,400,3.3,,,
767,31,18,11,6.1,606,1.989,0.83,400,3.3,,,
768,32,18,12,7.5,740.6666667,2.906,0.77,400,3.3,,,
769,32,18,13,7.8,729.4444444,4.188,0.73,400,3.3,,,
770,32,18,14,7.8,606,5.088,0.73,400,3.3,,,
771,32,18,15,7.3,381.5555556,5.41,0.78,400,3.3,,,
772,32,18,16,6.2,101,5.222,0.83,400,3.3,,,
773,32,18,17,5.6,0,4.838,0.86,400,3.3,,,
774,32,18,18,4.8,0,4.551,0.92,400,3.3,,,
775,32,18,19,4.9,0,4.337,0.9,400,3.3,,,
776,32,18,20,5.3,0,4.14,0.89,400,3.3,,,
777,32,18,21,5.4,0,4.126,0.87,400,3.3,,,
778,32,18,22,5.7,0,4.178,0.87,400,3.3,,,
779,32,18,23,6.2,0,4.28,0.86,400,3.3,,,
780,32,18,24,6.3,0,4.386,0.87,400,6.8,,,
781,32,19,1,6,0,4.445,0.88,400,6.8,,,
782,32,19,2,5.6,0,4.502,0.89,400,6.8,,,
783,32,19,3,6.2,0,4.535,0.89,400,6.8,,,
784,32,19,4,6.1,0,4.614,0.9,400,6.8,,,
785,32,19,5,6,0,4.591,0.9,400,6.8,,,
786,32,19,6,5.4,0,4.537,0.91,400,6.8,,,
787,32,19,7,5.6,0,4.486,0.91,400,6.8,,,
788,32,19,8,6.1,11.22222222,4.509,0.91,400,6.8,,,
789,32,19,9,6.5,123.4444444,4.694,0.9,400,6.8,,,
790,32,19,10,6.6,145.8888889,5.022,0.89,400,6.8,,,
791,32,19,11,7.4,280.5555556,5.379,0.87,400,6.8,,,
792,33,19,12,7.9,347.8888889,5.873,0.83,400,6.8,,,
793,33,19,13,8.8,426.4444444,6.247,0.79,400,6.8,,,
794,33,19,14,8.8,269.3333333,6.563,0.77,400,6.8,,,
795,33,19,15,8.5,157.1111111,6.653,0.82,400,6.8,,,
796,33,19,16,8.6,67.33333333,6.594,0.8,400,6.8,,,
797,33,19,17,8.6,0,6.484,0.81,400,6.8,,,
798,33,19,18,8.7,0,6.368,0.83,400,6.8,,,
799,33,19,19,8.8,0,6.344,0.82,400,6.8,,,
800,33,19,20,8.7,0,6.323,0.81,400,6.8,,,
801,33,19,21,8.7,0,6.314,0.81,400,6.8,,,
802,33,19,22,8.8,0,6.331,0.8,400,6.8,,,
803,33,19,23,8.5,0,6.324,0.82,400,6.8,,,
804,33,19,24,8.2,0,6.31,0.86,400,3.9,,,
805,33,20,1,8.1,0,6.288,0.88,400,3.9,,,
806,33,20,2,8.3,0,6.305,0.9,400,3.9,,,
807,33,20,3,8.6,0,6.376,0.93,400,3.9,,,
808,33,20,4,8.5,0,6.527,0.93,400,3.9,,,
809,33,20,5,8.1,0,6.7,0.93,400,3.9,,,
810,33,20,6,7.9,0,6.75,0.88,400,3.9,,,
811,33,20,7,8,0,6.689,0.78,400,3.9,,,
812,33,20,8,8.1,11.22222222,6.518,0.7,400,3.9,,,
813,33,20,9,8.4,67.33333333,6.301,0.68,400,3.9,,,
814,33,20,10,9.1,123.4444444,6.294,0.56,400,3.9,,,
815,33,20,11,9.7,258.1111111,6.452,0.57,400,3.9,,,
816,34,20,12,9.8,291.7777778,6.771,0.6,400,3.9,,,
817,34,20,13,11,303,6.998,0.62,400,3.9,,,
818,34,20,14,10.9,314.2222222,7.325,0.64,400,3.9,,,
819,34,20,15,10.6,179.5555556,7.62,0.67,400,3.9,,,
820,34,20,16,10.3,44.88888889,7.575,0.69,400,3.9,,,
821,34,20,17,10.1,0,7.34,0.71,400,3.9,,,
822,34,20,18,9.7,0,7.145,0.78,400,3.9,,,
823,34,20,19,9.2,0,7.05,0.83,400,3.9,,,
824,34,20,20,9,0,7.02,0.84,400,3.9,,,
825,34,20,21,9.3,0,7.025,0.82,400,3.9,,,
826,34,20,22,9.2,0,7.04,0.83,400,3.9,,,
827,34,20,23,9,0,7.007,0.84,400,3.9,,,
828,34,20,24,8.8,0,6.974,0.85,400,1,,,
829,34,21,1,8.4,0,6.956,0.9,400,1,,,
830,34,21,2,8.3,0,6.95,0.88,400,1,,,
831,34,21,3,8.1,0,6.889,0.9,400,1,,,
832,34,21,4,7.8,0,6.696,0.88,400,1,,,
833,34,21,5,7.7,0,6.472,0.88,400,1,,,
834,34,21,6,8.1,0,6.406,0.88,400,1,,,
835,34,21,7,8,0,6.431,0.88,400,1,,,
836,34,21,8,7.1,0,6.398,0.9,400,1,,,
837,34,21,9,8,78.55555556,6.225,0.86,400,1,,,
838,34,21,10,7.9,101,6.374,0.87,400,1,,,
839,34,21,11,9.7,134.6666667,6.659,0.81,400,1,,,
840,35,21,12,9.9,336.6666667,7.047,0.83,400,1,,,
841,35,21,13,10.6,448.8888889,7.94,0.77,400,1,,,
842,35,21,14,10.8,325.4444444,8.82,0.78,400,1,,,
843,35,21,15,10.5,202,9.155,0.82,400,1,,,
844,35,21,16,10.2,67.33333333,9.03,0.81,400,1,,,
845,35,21,17,9.2,11.22222222,8.61,0.86,400,1,,,
846,35,21,18,8.7,0,8.035,0.87,400,1,,,
847,35,21,19,7.5,0,7.435,0.92,400,1,,,
848,35,21,20,7.5,0,6.922,0.94,400,1,,,
849,35,21,21,6.1,0,6.488,0.96,400,1,,,
850,35,21,22,5.8,0,6.06,0.97,400,1,,,
851,35,21,23,4.9,0,5.643,0.99,400,1,,,
852,35,21,24,4.7,0,5.258,0.99,400,1.4,,,
853,35,22,1,5,0,5.074,1,400,1.4,,,
854,35,22,2,5.2,0,5.125,1,400,1.4,,,
855,35,22,3,5.6,0,5.173,1,400,1.4,,,
856,35,22,4,6,0,5.365,1,400,1.4,,,
857,35,22,5,6.4,0,5.59,1,400,1.4,,,
858,35,22,6,6.6,0,5.797,1,400,1.4,,,
859,35,22,7,6.5,0,5.953,1,400,1.4,,,
860,35,22,8,6.6,0,6.032,1,400,1.4,,,
861,35,22,9,6.6,78.55555556,6.078,1,400,1.4,,,
862,35,22,10,7,134.6666667,6.259,1,400,1.4,,,
863,35,22,11,7.5,123.4444444,6.574,1,400,1.4,,,
864,36,22,12,7.9,168.3333333,6.975,1,400,1.4,,,
865,36,22,13,8.2,213.2222222,7.5,1,400,1.4,,,
866,36,22,14,8.4,101,7.88,1,400,1.4,,,
867,36,22,15,8.6,78.55555556,7.985,0.98,400,1.4,,,
868,36,22,16,8.4,44.88888889,8.01,0.97,400,1.4,,,
869,36,22,17,7.9,0,7.93,0.97,400,1.4,,,
870,36,22,18,7.7,0,7.74,0.97,400,1.4,,,
871,36,22,19,7.5,0,7.575,0.98,400,1.4,,,
872,36,22,20,7.3,0,7.455,0.98,400,1.4,,,
873,36,22,21,7.3,0,7.36,0.98,400,1.4,,,
874,36,22,22,7,0,7.28,0.98,400,1.4,,,
875,36,22,23,7.3,0,7.2,0.97,400,1.4,,,
876,36,22,24,7.1,0,7.13,0.96,400,2.1,,,
877,36,23,1,7.1,0,7.06,0.95,400,2.1,,,
878,36,23,2,6.9,0,6.994,0.95,400,2.1,,,
879,36,23,3,6.6,0,6.918,0.96,400,2.1,,,
880,36,23,4,6,0,6.795,0.96,400,2.1,,,
881,36,23,5,5.7,0,6.522,0.97,400,2.1,,,
882,36,23,6,5.8,0,6.297,0.98,400,2.1,,,
883,36,23,7,5.9,0,6.227,0.98,400,2.1,,,
884,36,23,8,5.9,11.22222222,6.231,0.99,400,2.1,,,
885,36,23,9,6.4,78.55555556,6.324,0.99,400,2.1,,,
886,36,23,10,6.8,157.1111111,6.583,0.98,400,2.1,,,
887,36,23,11,7.1,370.3333333,6.966,0.95,400,2.1,,,
888,37,23,12,7.9,583.5555556,7.58,0.89,400,2.1,,,
889,37,23,13,7.7,448.8888889,8.06,0.86,400,2.1,,,
890,37,23,14,7.5,527.4444444,8.47,0.86,400,2.1,,,
891,37,23,15,6.6,392.7777778,8.475,0.9,400,2.1,,,
892,37,23,16,5.7,101,7.955,0.94,400,2.1,,,
893,37,23,17,4.8,11.22222222,7.395,0.96,400,2.1,,,
894,37,23,18,4.3,0,6.916,0.97,400,2.1,,,
895,37,23,19,3.7,0,6.56,0.98,400,2.1,,,
896,37,23,20,3.6,0,6.247,0.99,400,2.1,,,
897,37,23,21,3.9,0,5.988,0.99,400,2.1,,,
898,37,23,22,4.1,0,5.837,0.99,400,2.1,,,
899,37,23,23,4.3,0,5.769,1,400,2.1,,,
900,37,23,24,4.5,0,5.753,1,400,3.9,,,
901,37,24,1,4.6,0,5.746,1,400,3.9,,,
902,37,24,2,5,0,5.747,1,400,3.9,,,
903,37,24,3,5.4,0,5.777,1,400,3.9,,,
904,37,24,4,5.6,0,5.842,1,400,3.9,,,
905,37,24,5,5.9,0,5.914,1,400,3.9,,,
906,37,24,6,5.9,0,5.991,1,400,3.9,,,
907,37,24,7,5.7,0,6.052,1,400,3.9,,,
908,37,24,8,5.8,0,6.087,1,400,3.9,,,
909,37,24,9,6,22.44444444,6.13,1,400,3.9,,,
910,37,24,10,6.4,56.11111111,6.24,1,400,3.9,,,
911,37,24,11,6.8,112.2222222,6.418,0.99,400,3.9,,,
912,38,24,12,7.2,145.8888889,6.705,0.99,400,3.9,,,
913,38,24,13,7.7,157.1111111,7.019,0.99,400,3.9,,,
914,38,24,14,8.2,202,7.305,0.98,400,3.9,,,
915,38,24,15,8.6,123.4444444,7.625,0.98,400,3.9,,,
916,38,24,16,8.8,44.88888889,7.805,0.98,400,3.9,,,
917,38,24,17,8.8,11.22222222,7.85,0.98,400,3.9,,,
918,38,24,18,9,0,7.85,0.98,400,3.9,,,
919,38,24,19,9.1,0,7.9,0.98,400,3.9,,,
920,38,24,20,9.2,0,7.985,0.98,400,3.9,,,
921,38,24,21,9.6,0,8.07,0.97,400,3.9,,,
922,38,24,22,9.9,0,8.17,0.96,400,3.9,,,
923,38,24,23,9.9,0,8.31,0.97,400,3.9,,,
924,38,24,24,9.9,0,8.435,0.96,400,5.8,,,
925,38,25,1,10.1,0,8.525,0.96,400,5.8,,,
926,38,25,2,10,0,8.615,0.97,400,5.8,,,
927,38,25,3,10.1,0,8.71,0.96,400,5.8,,,
928,38,25,4,10.4,0,8.8,0.95,400,5.8,,,
929,38,25,5,10.4,0,8.85,0.94,400,5.8,,,
930,38,25,6,10.5,0,8.86,0.93,400,5.8,,,
931,38,25,7,10.3,0,8.835,0.93,400,5.8,,,
932,38,25,8,10.3,0,8.81,0.92,400,5.8,,,
933,38,25,9,11.1,89.77777778,8.82,0.88,400,5.8,,,
934,38,25,10,11.6,303,9,0.85,400,5.8,,,
935,38,25,11,12.3,213.2222222,9.345,0.81,400,5.8,,,
936,39,25,12,12.8,359.1111111,9.605,0.8,400,5.8,,,
937,39,25,13,13,258.1111111,9.94,0.79,400,5.8,,,
938,39,25,14,12.9,202,10.07,0.81,400,5.8,,,
939,39,25,15,12.2,44.88888889,10.12,0.87,400,5.8,,,
940,39,25,16,12.1,67.33333333,10.075,0.89,400,5.8,,,
941,39,25,17,11.8,0,10.085,0.91,400,5.8,,,
942,39,25,18,11.5,0,10.025,0.95,400,5.8,,,
943,39,25,19,8.7,11.22222222,9.985,0.95,400,5.8,,,
944,39,25,20,8.6,0,9.765,0.97,400,5.8,,,
945,39,25,21,8.3,0,9.385,0.98,400,5.8,,,
946,39,25,22,7.4,0,9.11,0.97,400,5.8,,,
947,39,25,23,6.7,0,8.745,0.97,400,5.8,,,
948,39,25,24,6.3,0,8.37,0.98,400,4.6,,,
949,39,26,1,5.8,0,8.015,0.98,400,4.6,,,
950,39,26,2,5.8,0,7.71,0.98,400,4.6,,,
951,39,26,3,5.7,0,7.48,0.97,400,4.6,,,
952,39,26,4,5.5,0,7.27,0.97,400,4.6,,,
953,39,26,5,4.9,0,7.016,0.97,400,4.6,,,
954,39,26,6,5.2,0,6.602,0.96,400,4.6,,,
955,39,26,7,5.2,0,6.442,0.96,400,4.6,,,
956,39,26,8,5,0,6.32,0.97,400,4.6,,,
957,39,26,9,5.5,89.77777778,6.104,0.97,400,4.6,,,
958,39,26,10,5.9,235.6666667,6.171,1,400,4.6,,,
959,39,26,11,6.8,404,6.513,1,400,4.6,,,
960,40,26,12,7.4,538.6666667,7.1,0.98,400,4.6,,,
961,40,26,13,8.3,751.8888889,7.635,0.74,400,4.6,,,
962,40,26,14,8.5,594.7777778,8.03,0.71,400,4.6,,,
963,40,26,15,8.1,280.5555556,8.075,0.71,400,4.6,,,
964,40,26,16,8.1,101,7.825,0.73,400,4.6,,,
965,40,26,17,7.4,22.44444444,7.505,0.77,400,4.6,,,
966,40,26,18,7.4,0,7.1,0.78,400,4.6,,,
967,40,26,19,7.5,0,6.834,0.79,400,4.6,,,
968,40,26,20,8,0,6.752,0.78,400,4.6,,,
969,40,26,21,7.5,0,6.789,0.83,400,4.6,,,
970,40,26,22,7.7,0,6.843,0.81,400,4.6,,,
971,40,26,23,5.7,0,6.805,0.8,400,4.6,,,
972,40,26,24,5.3,0,6.313,0.83,400,4,,,
973,40,27,1,5.4,0,5.872,0.78,400,4,,,
974,40,27,2,5.4,0,5.628,0.75,400,4,,,
975,40,27,3,5.2,0,5.407,0.75,400,4,,,
976,40,27,4,4.9,0,5.266,0.76,400,4,,,
977,40,27,5,4.9,0,5.13,0.73,400,4,,,
978,40,27,6,4.8,0,5.02,0.74,400,4,,,
979,40,27,7,4.6,0,4.899,0.75,400,4,,,
980,40,27,8,4.3,11.22222222,4.707,0.74,400,4,,,
981,40,27,9,4.8,89.77777778,4.455,0.71,400,4,,,
982,40,27,10,5.5,246.8888889,4.632,0.73,400,4,,,
983,40,27,11,6,426.4444444,5.162,0.68,400,4,,,
984,41,27,12,6.2,448.8888889,5.749,0.68,400,4,,,
985,41,27,13,6.8,796.7777778,6.247,0.68,400,4,,,
986,41,27,14,7.2,370.3333333,7.021,0.67,400,4,,,
987,41,27,15,7.1,370.3333333,6.889,0.62,400,4,,,
988,41,27,16,6.6,168.3333333,6.646,0.67,400,4,,,
989,41,27,17,5.7,11.22222222,6.277,0.7,400,4,,,
990,41,27,18,4.9,0,5.792,0.74,400,4,,,
991,41,27,19,5.8,0,5.443,0.72,400,4,,,
992,41,27,20,5.8,0,5.255,0.73,400,4,,,
993,41,27,21,6.2,0,5.218,0.74,400,4,,,
994,41,27,22,5.6,0,5.265,0.87,400,4,,,
995,41,27,23,5.8,0,5.393,0.92,400,4,,,
996,41,27,24,6.6,0,5.567,0.93,400,4.9,,,
997,41,28,1,7,0,5.759,0.92,400,4.9,,,
998,41,28,2,7.1,0,5.964,0.93,400,4.9,,,
999,41,28,3,7.3,0,6.158,0.94,400,4.9,,,
1000,41,28,4,8,0,6.325,0.95,400,4.9,,,
1001,41,28,5,7.9,0,6.525,0.96,400,4.9,,,
1002,41,28,6,8.4,0,6.768,0.96,400,4.9,,,
1003,41,28,7,9.3,0,6.985,0.92,400,4.9,,,
1004,41,28,8,9.6,0,7.21,0.91,400,4.9,,,
1005,41,28,9,9.8,22.44444444,7.44,0.89,400,4.9,,,
1006,41,28,10,10.4,89.77777778,7.67,0.86,400,4.9,,,
1007,41,28,11,10.5,101,7.97,0.85,400,4.9,,,
1008,42,28,12,10.8,56.11111111,8.195,0.81,400,4.9,,,
1009,42,28,13,10.7,44.88888889,8.285,0.8,400,4.9,,,
1010,42,28,14,10.2,101,8.3,0.85,400,4.9,,,
1011,42,28,15,9.6,67.33333333,8.355,0.85,400,4.9,,,
1012,42,28,16,9.4,22.44444444,8.355,0.87,400,4.9,,,
1013,42,28,17,8.8,11.22222222,8.215,0.76,400,4.9,,,
1014,42,28,18,8.4,0,7.8,0.79,400,4.9,,,
1015,42,28,19,8,0,7.355,0.76,400,4.9,,,
1016,42,28,20,7.1,0,6.876,0.8,400,4.9,,,
1017,42,28,21,5.7,0,6.363,0.86,400,4.9,,,
1018,42,28,22,4.2,0,5.818,0.87,400,4.9,,,
1019,42,28,23,3.6,0,5.301,0.91,400,4.9,,,
1020,42,28,24,3.2,0,4.853,0.9,400,2.2,,,
1021,42,29,1,3,0,4.48,0.92,400,2.2,,,
1022,42,29,2,3.5,0,4.155,0.91,400,2.2,,,
1023,42,29,3,3.5,0,3.885,0.93,400,2.2,,,
1024,42,29,4,2.8,0,3.828,0.91,400,2.2,,,
1025,42,29,5,2.4,0,3.801,0.93,400,2.2,,,
1026,42,29,6,2.7,0,3.609,0.94,400,2.2,,,
1027,42,29,7,2.2,0,3.428,0.94,400,2.2,,,
1028,42,29,8,2.2,22.44444444,3.288,0.95,400,2.2,,,
1029,42,29,9,3.1,101,3.212,0.96,400,2.2,,,
1030,42,29,10,4,101,3.611,0.93,400,2.2,,,
1031,42,29,11,3.7,89.77777778,4.179,0.86,400,2.2,,,
1032,43,29,12,3.5,325.4444444,4.555,0.76,400,2.2,,,
1033,43,29,13,3.8,830.4444444,5.296,0.71,400,2.2,,,
1034,43,29,14,4.3,572.3333333,6.031,0.65,400,2.2,,,
1035,43,29,15,3.5,404,6.142,0.65,400,2.2,,,
1036,43,29,16,2.5,202,5.972,0.68,400,2.2,,,
1037,43,29,17,1.3,44.88888889,5.243,0.7,400,2.2,,,
1038,43,29,18,0.3,0,4.276,0.73,400,2.2,,,
1039,43,29,19,-0.3,0,3.366,0.75,400,2.2,,,
1040,43,29,20,-0.6,0,2.777,0.76,400,2.2,,,
1041,43,29,21,-0.5,0,2.567,0.79,400,2.2,,,
1042,43,29,22,-0.5,0,2.408,0.75,400,2.2,,,
1043,43,29,23,-0.8,0,2.272,0.76,400,2.2,,,
1044,43,29,24,-0.7,0,2.171,0.73,400,1.2,,,
1045,43,30,1,-0.9,0,2.087,0.75,400,1.2,,,
1046,43,30,2,-1.4,0,2.006,0.75,400,1.2,,,
1047,43,30,3,-2.1,0,1.899,0.79,400,1.2,,,
1048,43,30,4,-2.9,0,1.756,0.82,400,1.2,,,
1049,43,30,5,-2.6,0,1.615,0.85,400,1.2,,,
1050,43,30,6,-3.1,0,1.485,0.87,400,1.2,,,
1051,43,30,7,-3.5,0,1.354,0.86,400,1.2,,,
1052,43,30,8,-3.2,33.66666667,1.237,0.89,400,1.2,,,
1053,43,30,9,-1.8,370.3333333,0,0.85,400,1.2,,,
1054,43,30,10,-0.4,695.7777778,0,0.81,400,1.2,,,
1055,43,30,11,1.2,886.5555556,0,0.71,400,1.2,,,
1056,44,30,12,1.9,852.8888889,0,0.63,400,1.2,,,
1057,44,30,13,2.7,796.7777778,1.085,0.5,400,1.2,,,
1058,44,30,14,2.6,718.2222222,2.483,0.42,400,1.2,,,
1059,44,30,15,2.6,538.6666667,2.991,0.45,400,1.2,,,
1060,44,30,16,1.4,280.5555556,2.799,0.55,400,1.2,,,
1061,44,30,17,0.3,44.88888889,2.212,0.64,400,1.2,,,
1062,44,30,18,-0.7,0,1.811,0.68,400,1.2,,,
1063,44,30,19,-1.5,0,1.627,0.71,400,1.2,,,
1064,44,30,20,-1.1,0,1.507,0.71,400,1.2,,,
1065,44,30,21,-1.7,0,1.385,0.72,400,1.2,,,
1066,44,30,22,-1.7,0,1.249,0.75,400,1.2,,,
1067,44,30,23,-2.4,0,1.123,0.74,400,1.2,,,
1068,44,30,24,-2.9,0,1.006,0.78,400,2.4,,,
1069,44,31,1,-2.9,0,0.896,0.8,400,2.4,,,
1070,44,31,2,-3,0,0.788,0.8,400,2.4,,,
1071,44,31,3,-3.1,0,0.7,0.82,400,2.4,,,
1072,44,31,4,-3.4,0,0.615,0.84,400,2.4,,,
1073,44,31,5,-2.6,0,0.533,0.81,400,2.4,,,
1074,44,31,6,-2.8,0,0.471,0.78,400,2.4,,,
1075,44,31,7,-2.7,0,0.39,0.78,400,2.4,,,
1076,44,31,8,-2.2,22.44444444,0.294,0.75,400,2.4,,,
1077,44,31,9,-0.5,235.6666667,0.198,0.68,400,2.4,,,
1078,44,31,10,0.5,516.2222222,0.2,0.63,400,2.4,,,
1079,44,31,11,1.6,684.5555556,0.265,0.61,400,2.4,,,
1080,45,31,12,3.2,796.7777778,0.326,0.57,400,2.4,,,
1081,45,31,13,3.2,763.1111111,0.385,0.55,400,2.4,,,
1082,45,31,14,3.4,740.6666667,0.543,0.57,400,2.4,,,
1083,45,31,15,3.3,549.8888889,1.112,0.59,400,2.4,,,
1084,45,31,16,2.2,280.5555556,1.265,0.6,400,2.4,,,
1085,45,31,17,1.6,44.88888889,1.069,0.63,400,2.4,,,
1086,45,31,18,0.5,0,0.961,0.7,400,2.4,,,
1087,45,31,19,-0.1,0,0.942,0.76,400,2.4,,,
1088,45,31,20,-0.5,0,0.93,0.79,400,2.4,,,
1089,45,31,21,-0.8,0,0.904,0.8,400,2.4,,,
1090,45,31,22,-0.3,0,0.866,0.8,400,2.4,,,
1091,45,31,23,-0.1,0,0.846,0.78,400,2.4,,,
1092,45,31,24,-0.6,0,0.83,0.78,400,1.5,,,
1093,45,31,1,-0.7,0,0.777,0.82,400,1.5,,,
1094,45,31,2,-1.4,0,0.714,0.82,400,1.5,,,
1095,45,31,3,-0.6,0,0.661,0.81,400,1.5,,,
1096,45,31,4,-0.7,0,0.638,0.84,400,1.5,,,
1097,45,31,5,-0.7,0,0.641,0.85,400,1.5,,,
1098,45,31,6,-0.5,0,0.653,0.87,400,1.5,,,
1099,45,31,7,-0.2,0,0.664,0.87,400,1.5,,,
1100,45,31,8,0.5,0,0.672,0.83,400,1.5,,,
1101,45,31,9,0.9,56.11111111,0.684,0.81,400,1.5,,,
1102,45,31,10,1.7,134.6666667,0.702,0.79,400,1.5,,,
1103,45,31,11,2.2,157.1111111,0.719,0.8,400,1.5,,,
1104,46,31,12,1.7,112.2222222,0.743,0.86,400,1.5,,,
1105,46,31,13,1.5,67.33333333,0.765,0.91,400,1.5,,,
1106,46,31,14,1.8,56.11111111,0.784,0.93,400,1.5,,,
1107,46,31,15,2.7,78.55555556,0.924,0.95,400,1.5,,,
1108,46,31,16,3.2,22.44444444,1.299,0.96,400,1.5,,,
1109,46,31,17,3.6,0,1.618,0.97,400,1.5,,,
1110,46,31,18,4,0,1.895,0.97,400,1.5,,,
1111,46,31,19,4.3,0,2.198,0.97,400,1.5,,,
1112,46,31,20,4.3,0,2.448,0.96,400,1.5,,,
1113,46,31,21,4.5,0,2.672,0.95,400,1.5,,,
1114,46,31,22,4.3,0,2.871,0.94,400,1.5,,,
1115,46,31,23,4.1,0,2.984,0.96,400,1.5,,,
1116,46,31,24,4.3,0,3.064,0.96,400,2.1,,,
1117,46,32,1,4.3,0,3.135,0.95,400,2.1,,,
1118,46,32,2,4.3,0,3.181,0.95,400,2.1,,,
1119,46,32,3,4.4,0,3.217,0.95,400,2.1,,,
1120,46,32,4,4.5,0,3.254,0.92,400,2.1,,,
1121,46,32,5,4.3,0,3.295,0.92,400,2.1,,,
1122,46,32,6,4.7,0,3.352,0.91,400,2.1,,,
1123,46,32,7,4.5,0,3.401,0.91,400,2.1,,,
1124,46,32,8,4.8,11.22222222,3.44,0.9,400,2.1,,,
1125,46,32,9,5.1,44.88888889,3.541,0.9,400,2.1,,,
1126,46,32,10,5.7,89.77777778,3.796,0.88,400,2.1,,,
1127,46,32,11,6.2,157.1111111,4.22,0.86,400,2.1,,,
1128,47,32,12,6.5,179.5555556,4.724,0.88,400,2.1,,,
1129,47,32,13,6.9,224.4444444,5.174,0.85,400,2.1,,,
1130,47,32,14,6.8,112.2222222,5.551,0.85,400,2.1,,,
1131,47,32,15,6.9,101,5.561,0.86,400,2.1,,,
1132,47,32,16,6.6,44.88888889,5.576,0.88,400,2.1,,,
1133,47,32,17,6.3,11.22222222,5.457,0.89,400,2.1,,,
1134,47,32,18,6.5,0,5.288,0.89,400,2.1,,,
1135,47,32,19,6.6,0,5.158,0.9,400,2.1,,,
1136,47,32,20,6.4,0,5.029,0.88,400,2.1,,,
1137,47,32,21,6.2,0,4.837,0.9,400,2.1,,,
1138,47,32,22,6.3,0,4.736,0.89,400,2.1,,,
1139,47,32,23,6.1,0,4.742,0.89,400,2.1,,,
1140,47,32,24,5.6,0,4.759,0.91,400,2.2,,,
1141,47,33,1,5.4,0,4.752,0.9,400,2.2,,,
1142,47,33,2,3.9,0,4.612,0.92,400,2.2,,,
1143,47,33,3,3.3,0,4.16,0.94,400,2.2,,,
1144,47,33,4,3.7,0,3.804,0.95,400,2.2,,,
1145,47,33,5,2.7,0,3.566,0.95,400,2.2,,,
1146,47,33,6,2.9,0,3.333,0.96,400,2.2,,,
1147,47,33,7,2.7,0,3.169,0.96,400,2.2,,,
1148,47,33,8,3,11.22222222,2.988,0.96,400,2.2,,,
1149,47,33,9,3.5,67.33333333,3.11,0.97,400,2.2,,,
1150,47,33,10,4.2,123.4444444,3.562,0.96,400,2.2,,,
1151,47,33,11,5,168.3333333,4.139,0.95,400,2.2,,,
1152,48,33,12,5.8,303,4.871,0.93,400,2.2,,,
1153,48,33,13,7,246.8888889,5.578,0.92,400,2.2,,,
1154,48,33,14,7.8,325.4444444,6.047,0.89,400,2.2,,,
1155,48,33,15,7.7,258.1111111,6.601,0.87,400,2.2,,,
1156,48,33,16,7.6,78.55555556,6.775,0.89,400,2.2,,,
1157,48,33,17,7.5,11.22222222,6.554,0.91,400,2.2,,,
1158,48,33,18,7.6,0,6.308,0.89,400,2.2,,,
1159,48,33,19,7.4,0,6.182,0.91,400,2.2,,,
1160,48,33,20,7.3,0,6.134,0.94,400,2.2,,,
1161,48,33,21,7.2,0,6.115,0.94,400,2.2,,,
1162,48,33,22,7.3,0,6.108,0.94,400,2.2,,,
1163,48,33,23,7.3,0,6.123,0.94,400,2.2,,,
1164,48,33,24,7.3,0,6.13,0.94,400,4.3,,,
1165,48,34,1,7.1,0,6.111,0.94,400,4.3,,,
1166,48,34,2,7.2,0,6.095,0.94,400,4.3,,,
1167,48,34,3,7.3,0,6.095,0.93,400,4.3,,,
1168,48,34,4,7.1,0,6.123,0.96,400,4.3,,,
1169,48,34,5,7.1,0,6.167,0.97,400,4.3,,,
1170,48,34,6,7.4,0,6.198,0.96,400,4.3,,,
1171,48,34,7,7.5,0,6.244,0.94,400,4.3,,,
1172,48,34,8,7.5,0,6.304,0.94,400,4.3,,,
1173,48,34,9,7.4,22.44444444,6.401,0.96,400,4.3,,,
1174,48,34,10,7.7,56.11111111,6.552,0.94,400,4.3,,,
1175,48,34,11,8.6,179.5555556,6.74,0.89,400,4.3,,,
1176,49,34,12,9.1,202,7.11,0.86,400,4.3,,,
1177,49,34,13,9.4,202,7.45,0.84,400,4.3,,,
1178,49,34,14,9.4,134.6666667,7.665,0.84,400,4.3,,,
1179,49,34,15,9.4,101,7.7,0.82,400,4.3,,,
1180,49,34,16,9.5,56.11111111,7.68,0.83,400,4.3,,,
1181,49,34,17,9.2,0,7.565,0.83,400,4.3,,,
1182,49,34,18,9,0,7.43,0.87,400,4.3,,,
1183,49,34,19,8.9,0,7.36,0.88,400,4.3,,,
1184,49,34,20,9.1,0,7.335,0.89,400,4.3,,,
1185,49,34,21,9,0,7.34,0.9,400,4.3,,,
1186,49,34,22,8.6,0,7.38,0.94,400,4.3,,,
1187,49,34,23,8.9,0,7.455,0.96,400,4.3,,,
1188,49,34,24,8.8,0,7.535,0.96,400,5,,,
1189,49,35,1,9,0,7.615,0.95,400,5,,,
1190,49,35,2,8.9,0,7.62,0.92,400,5,,,
1191,49,35,3,8.9,0,7.515,0.86,400,5,,,
1192,49,35,4,7.9,0,7.335,0.76,400,5,,,
1193,49,35,5,7.8,0,6.831,0.76,400,5,,,
1194,49,35,6,7.1,0,6.467,0.71,400,5,,,
1195,49,35,7,7,0,6.248,0.72,400,5,,,
1196,49,35,8,6.7,11.22222222,6.026,0.76,400,5,,,
1197,49,35,9,7.4,235.6666667,5.913,0.74,400,5,,,
1198,49,35,10,7.4,280.5555556,6.172,0.71,400,5,,,
1199,49,35,11,7.5,134.6666667,6.48,0.73,400,5,,,
1200,50,35,12,8.3,213.2222222,6.512,0.7,400,5,,,
1201,50,35,13,8.4,190.7777778,6.751,0.69,400,5,,,
1202,50,35,14,8.3,527.4444444,7.073,0.69,400,5,,,
1203,50,35,15,7.5,112.2222222,7.39,0.78,400,5,,,
1204,50,35,16,7.5,89.77777778,7.075,0.78,400,5,,,
1205,50,35,17,7.2,22.44444444,6.835,0.81,400,5,,,
1206,50,35,18,7.3,0,6.543,0.8,400,5,,,
1207,50,35,19,6.6,0,6.344,0.81,400,5,,,
1208,50,35,20,5.9,0,6.187,0.85,400,5,,,
1209,50,35,21,6.3,0,5.911,0.78,400,5,,,
1210,50,35,22,5.7,0,5.569,0.87,400,5,,,
1211,50,35,23,6.5,0,5.264,0.82,400,5,,,
1212,50,35,24,6.1,0,5.366,0.82,400,4.6,,,
1213,50,36,1,6.4,0,5.186,0.82,400,4.6,,,
1214,50,36,2,6.1,0,5.139,0.84,400,4.6,,,
1215,50,36,3,5.9,0,5.121,0.85,400,4.6,,,
1216,50,36,4,6.5,0,4.985,0.83,400,4.6,,,
1217,50,36,5,6.5,0,5.139,0.84,400,4.6,,,
1218,50,36,6,6.6,0,5.3,0.8,400,4.6,,,
1219,50,36,7,6.5,0,5.352,0.81,400,4.6,,,
1220,50,36,8,6.5,0,5.352,0.81,400,4.6,,,
1221,50,36,9,6.5,78.55555556,5.389,0.82,400,4.6,,,
1222,50,36,10,6.9,213.2222222,5.633,0.82,400,4.6,,,
1223,50,36,11,7.6,303,6.088,0.77,400,4.6,,,
1224,51,36,12,7.6,269.3333333,6.603,0.74,400,4.6,,,
1225,51,36,13,7.9,291.7777778,6.82,0.72,400,4.6,,,
1226,51,36,14,7.7,303,7.08,0.73,400,4.6,,,
1227,51,36,15,7.1,134.6666667,7.095,0.81,400,4.6,,,
1228,51,36,16,6.6,67.33333333,6.906,0.82,400,4.6,,,
1229,51,36,17,6.3,11.22222222,6.557,0.81,400,4.6,,,
1230,51,36,18,6.2,0,6.2,0.82,400,4.6,,,
1231,51,36,19,6.2,0,5.907,0.81,400,4.6,,,
1232,51,36,20,5.3,0,5.665,0.89,400,4.6,,,
1233,51,36,21,5.3,0,5.577,0.92,400,4.6,,,
1234,51,36,22,5.9,0,5.549,0.87,400,4.6,,,
1235,51,36,23,6.1,0,5.49,0.85,400,4.6,,,
1236,51,36,24,6.3,0,5.473,0.89,400,4.1,,,
1237,51,37,1,6.6,0,5.494,0.89,400,4.1,,,
1238,51,37,2,6.8,0,5.548,0.9,400,4.1,,,
1239,51,37,3,3.7,0,5.715,0.88,400,4.1,,,
1240,51,37,4,3.5,0,5.394,0.94,400,4.1,,,
1241,51,37,5,4.4,0,5.056,0.96,400,4.1,,,
1242,51,37,6,4.5,0,5.005,0.93,400,4.1,,,
1243,51,37,7,3.9,0,4.871,0.9,400,4.1,,,
1244,51,37,8,3.8,22.44444444,4.558,0.89,400,4.1,,,
1245,51,37,9,4.2,213.2222222,4.267,0.86,400,4.1,,,
1246,51,37,10,4.7,482.5555556,4.527,0.72,400,4.1,,,
1247,51,37,11,5.1,763.1111111,5.145,0.63,400,4.1,,,
1248,52,37,12,3.1,359.1111111,5.881,0.79,400,4.1,,,
1249,52,37,13,3.9,662.1111111,5.818,0.63,400,4.1,,,
1250,52,37,14,3.9,493.7777778,6.07,0.65,400,4.1,,,
1251,52,37,15,4.4,538.6666667,5.799,0.62,400,4.1,,,
1252,52,37,16,3.3,246.8888889,5.293,0.55,400,4.1,,,
1253,52,37,17,2.4,89.77777778,4.402,0.54,400,4.1,,,
1254,52,37,18,1.9,0,3.311,0.56,400,4.1,,,
1255,52,37,19,0.9,0,2.478,0.63,400,4.1,,,
1256,52,37,20,1,0,2.263,0.67,400,4.1,,,
1257,52,37,21,0.3,0,2.129,0.81,400,4.1,,,
1258,52,37,22,-0.3,0,2.028,0.86,400,4.1,,,
1259,52,37,23,-0.7,0,1.909,0.88,400,4.1,,,
1260,52,37,24,-1,0,1.804,0.86,400,2.5,,,
1261,52,38,1,-1,0,1.711,0.83,400,2.5,,,
1262,52,38,2,-1.8,0,1.597,0.83,400,2.5,,,
1263,52,38,3,-1.3,0,1.461,0.83,400,2.5,,,
1264,52,38,4,-1.4,0,1.315,0.81,400,2.5,,,
1265,52,38,5,-1.3,0,1.205,0.8,400,2.5,,,
1266,52,38,6,-1,0,1.09,0.83,400,2.5,,,
1267,52,38,7,-0.6,0,0.992,0.84,400,2.5,,,
1268,52,38,8,-0.3,22.44444444,0.926,0.85,400,2.5,,,
1269,52,38,9,0.5,157.1111111,0.915,0.84,400,2.5,,,
1270,52,38,10,1.1,213.2222222,0.937,0.8,400,2.5,,,
1271,52,38,11,1.4,202,0.972,0.79,400,2.5,,,
1272,53,38,12,1,190.7777778,1.001,0.88,400,2.5,,,
1273,53,38,13,0.6,157.1111111,1.027,0.91,400,2.5,,,
1274,53,38,14,0.4,112.2222222,1.029,0.93,400,2.5,,,
1275,53,38,15,0.2,89.77777778,1.033,0.94,400,2.5,,,
1276,53,38,16,0.2,44.88888889,1.043,0.95,400,2.5,,,
1277,53,38,17,0.2,22.44444444,1.048,0.96,400,2.5,,,
1278,53,38,18,0.3,0,1.059,0.96,400,2.5,,,
1279,53,38,19,0.4,0,1.085,0.96,400,2.5,,,
1280,53,38,20,0.1,0,1.11,0.97,400,2.5,,,
1281,53,38,21,0.1,0,1.126,0.97,400,2.5,,,
1282,53,38,22,0.2,0,1.134,0.97,400,2.5,,,
1283,53,38,23,0.1,0,1.155,0.98,400,2.5,,,
1284,53,38,24,0,0,1.16,0.98,400,2.7,,,
1285,53,39,1,0.1,0,1.162,0.98,400,2.7,,,
1286,53,39,2,0.1,0,1.165,0.98,400,2.7,,,
1287,53,39,3,0.1,0,1.167,0.98,400,2.7,,,
1288,53,39,4,0.1,0,1.166,0.98,400,2.7,,,
1289,53,39,5,0.2,0,1.163,0.98,400,2.7,,,
1290,53,39,6,0.1,0,1.169,0.97,400,2.7,,,
1291,53,39,7,0.2,0,1.168,0.96,400,2.7,,,
1292,53,39,8,0.2,0,1.162,0.95,400,2.7,,,
1293,53,39,9,0.3,44.88888889,1.2,0.91,400,2.7,,,
1294,53,39,10,0.4,145.8888889,1.299,0.92,400,2.7,,,
1295,53,39,11,-0.2,202,1.518,0.93,400,2.7,,,
1296,54,39,12,1.3,505,1.437,0.95,400,2.7,,,
1297,54,39,13,1.2,583.5555556,2.253,0.86,400,2.7,,,
1298,54,39,14,2.8,673.3333333,3.225,0.82,400,2.7,,,
1299,54,39,15,2.2,404,3.925,0.75,400,2.7,,,
1300,54,39,16,1.6,213.2222222,3.636,0.79,400,2.7,,,
1301,54,39,17,1.2,89.77777778,2.876,0.83,400,2.7,,,
1302,54,39,18,0.7,0,2.146,0.82,400,2.7,,,
1303,54,39,19,0.2,0,1.527,0.84,400,2.7,,,
1304,54,39,20,-0.2,0,1.305,0.87,400,2.7,,,
1305,54,39,21,-0.7,0,1.188,0.88,400,2.7,,,
1306,54,39,22,-1.7,0,1.116,0.91,400,2.7,,,
1307,54,39,23,-0.7,0,1.061,0.92,400,2.7,,,
1308,54,39,24,-1.2,0,1.021,0.92,400,2.6,,,
1309,54,40,1,-1.7,0,0.988,0.92,400,2.6,,,
1310,54,40,2,-1.7,0,0.926,0.92,400,2.6,,,
1311,54,40,3,-2.1,0,0.832,0.91,400,2.6,,,
1312,54,40,4,-2.3,0,0.74,0.93,400,2.6,,,
1313,54,40,5,-1.7,0,0.659,0.93,400,2.6,,,
1314,54,40,6,-2.8,0,0.627,0.92,400,2.6,,,
1315,54,40,7,-3.6,0,0.561,0.93,400,2.6,,,
1316,54,40,8,-3,78.55555556,0.484,0.94,400,2.6,,,
1317,54,40,9,-2.1,437.6666667,0.428,0.93,400,2.6,,,
1318,54,40,10,-1.3,572.3333333,0.424,0.9,400,2.6,,,
1319,54,40,11,0.5,684.5555556,0.449,0.86,400,2.6,,,
1320,55,40,12,1.1,718.2222222,0.467,0.77,400,2.6,,,
1321,55,40,13,0,157.1111111,0.505,0.88,400,2.6,,,
1322,55,40,14,1.1,269.3333333,0.582,0.87,400,2.6,,,
1323,55,40,15,1.5,415.2222222,0.615,0.81,400,2.6,,,
1324,55,40,16,1.4,280.5555556,0.808,0.79,400,2.6,,,
1325,55,40,17,0.5,78.55555556,0.909,0.87,400,2.6,,,
1326,55,40,18,0.3,0,0.817,0.9,400,2.6,,,
1327,55,40,19,0.5,0,0.727,0.9,400,2.6,,,
1328,55,40,20,0.3,0,0.698,0.89,400,2.6,,,
1329,55,40,21,0.5,0,0.696,0.88,400,2.6,,,
1330,55,40,22,0.5,0,0.699,0.9,400,2.6,,,
1331,55,40,23,0.2,0,0.708,0.9,400,2.6,,,
1332,55,40,24,-0.1,0,0.694,0.92,400,1.7,,,
1333,55,41,1,-0.2,0,0.687,0.92,400,1.7,,,
1334,55,41,2,-0.1,0,0.684,0.93,400,1.7,,,
1335,55,41,3,-0.1,0,0.693,0.93,400,1.7,,,
1336,55,41,4,0.2,0,0.69,0.92,400,1.7,,,
1337,55,41,5,0.4,0,0.689,0.89,400,1.7,,,
1338,55,41,6,-0.2,0,0.69,0.91,400,1.7,,,
1339,55,41,7,0.1,0,0.668,0.91,400,1.7,,,
1340,55,41,8,0.3,22.44444444,0.66,0.92,400,1.7,,,
1341,55,41,9,0.7,168.3333333,0.68,0.9,400,1.7,,,
1342,55,41,10,1.1,202,0.718,0.88,400,1.7,,,
1343,55,41,11,2.3,359.1111111,0.76,0.83,400,1.7,,,
1344,56,41,12,2.1,471.3333333,0.872,0.81,400,1.7,,,
1345,56,41,13,3,561.1111111,1.49,0.76,400,1.7,,,
1346,56,41,14,2.1,404,2.627,0.75,400,1.7,,,
1347,56,41,15,3.8,527.4444444,3.109,0.73,400,1.7,,,
1348,56,41,16,2.8,314.2222222,3.324,0.75,400,1.7,,,
1349,56,41,17,2.1,123.4444444,2.611,0.74,400,1.7,,,
1350,56,41,18,0.5,0,1.75,0.84,400,1.7,,,
1351,56,41,19,0.2,0,1.157,0.84,400,1.7,,,
1352,56,41,20,-0.4,0,1.005,0.84,400,1.7,,,
1353,56,41,21,-0.1,0,0.905,0.83,400,1.7,,,
1354,56,41,22,-0.6,0,0.826,0.79,400,1.7,,,
1355,56,41,23,-1.4,0,0.741,0.87,400,1.7,,,
1356,56,41,24,-1.8,0,0.64,0.89,400,0.8,,,
1357,56,42,1,-2.4,0,0.527,0.89,400,0.8,,,
1358,56,42,2,-3,0,0.411,0.91,400,0.8,,,
1359,56,42,3,-3.2,0,0.313,0.92,400,0.8,,,
1360,56,42,4,-3.9,0,0.234,0.93,400,0.8,,,
1361,56,42,5,-4.1,0,0.153,0.93,400,0.8,,,
1362,56,42,6,-4.4,0,0.056,0.94,400,0.8,,,
1363,56,42,7,-4.7,0,0,0.93,400,0.8,,,
1364,56,42,8,-5.7,44.88888889,0,0.93,400,0.8,,,
1365,56,42,9,-3.1,437.6666667,0,0.94,400,0.8,,,
1366,56,42,10,0.2,740.6666667,0,0.95,400,0.8,,,
1367,56,42,11,1.2,965.1111111,0,0.8,400,0.8,,,
1368,57,42,12,2,1167.111111,0.005,0.64,400,0.8,,,
1369,57,42,13,2.6,965.1111111,0.094,0.57,400,0.8,,,
1370,57,42,14,3.1,819.2222222,0.637,0.59,400,0.8,,,
1371,57,42,15,2.9,617.2222222,1.937,0.59,400,0.8,,,
1372,57,42,16,2.1,347.8888889,2.154,0.64,400,0.8,,,
1373,57,42,17,0.6,89.77777778,1.449,0.69,400,0.8,,,
1374,57,42,18,0,0,0.814,0.73,400,0.8,,,
1375,57,42,19,-0.2,0,0.67,0.74,400,0.8,,,
1376,57,42,20,-0.7,0,0.598,0.78,400,0.8,,,
1377,57,42,21,-1,0,0.549,0.81,400,0.8,,,
1378,57,42,22,-1.9,0,0.505,0.84,400,0.8,,,
1379,57,42,23,-1.2,0,0.442,0.85,400,0.8,,,
1380,57,42,24,-1.7,0,0.367,0.86,400,2.1,,,
1381,57,43,1,-2,0,0.302,0.85,400,2.1,,,
1382,57,43,2,-2.2,0,0.238,0.85,400,2.1,,,
1383,57,43,3,-3.4,0,0.158,0.84,400,2.1,,,
1384,57,43,4,-3.9,0,0.044,0.86,400,2.1,,,
1385,57,43,5,-3.6,0,0,0.88,400,2.1,,,
1386,57,43,6,-4.1,0,0,0.88,400,2.1,,,
1387,57,43,7,-4.1,0,0,0.89,400,2.1,,,
1388,57,43,8,-3.8,134.6666667,0,0.88,400,2.1,,,
1389,57,43,9,-2.2,561.1111111,0,0.8,400,2.1,,,
1390,57,43,10,-0.9,886.5555556,0,0.73,400,2.1,,,
1391,57,43,11,0.2,1021.222222,0,0.59,400,2.1,,,
1392,58,43,12,0.9,953.8888889,0,0.48,400,2.1,,,
1393,58,43,13,1.5,998.7777778,0.029,0.54,400,2.1,,,
1394,58,43,14,2.1,864.1111111,0.191,0.49,400,2.1,,,
1395,58,43,15,2.3,673.3333333,0.611,0.51,400,2.1,,,
1396,58,43,16,1.8,415.2222222,0.717,0.49,400,2.1,,,
1397,58,43,17,0.3,123.4444444,0.37,0.52,400,2.1,,,
1398,58,43,18,-0.2,0,0.314,0.61,400,2.1,,,
1399,58,43,19,-0.8,0,0.302,0.65,400,2.1,,,
1400,58,43,20,-0.8,0,0.281,0.67,400,2.1,,,
1401,58,43,21,-0.9,0,0.24,0.66,400,2.1,,,
1402,58,43,22,-1.4,0,0.19,0.66,400,2.1,,,
1403,58,43,23,-1.3,0,0.111,0.67,400,2.1,,,
1404,58,43,24,-1.4,0,0.035,0.71,400,1.4,,,
1405,58,44,1,-1.8,0,0.024,0.73,400,1.4,,,
1406,58,44,2,-1.9,0,0,0.77,400,1.4,,,
1407,58,44,3,-2,0,0,0.74,400,1.4,,,
1408,58,44,4,-2.2,0,0,0.79,400,1.4,,,
1409,58,44,5,-2,0,0,0.77,400,1.4,,,
1410,58,44,6,-2.1,0,0,0.79,400,1.4,,,
1411,58,44,7,-2.3,0,0,0.8,400,1.4,,,
1412,58,44,8,-1.9,56.11111111,0,0.8,400,1.4,,,
1413,58,44,9,-1.7,145.8888889,0,0.78,400,1.4,,,
1414,58,44,10,-1.3,213.2222222,0,0.75,400,1.4,,,
1415,58,44,11,-0.1,381.5555556,0,0.73,400,1.4,,,
1416,59,44,12,2.1,909,0.024,0.67,400,1.4,,,
1417,59,44,13,3.2,965.1111111,0.118,0.59,400,1.4,,,
1418,59,44,14,4.2,886.5555556,0.457,0.56,400,1.4,,,
1419,59,44,15,3.7,639.6666667,1.829,0.57,400,1.4,,,
1420,59,44,16,3.1,291.7777778,2.093,0.63,400,1.4,,,
1421,59,44,17,2.6,89.77777778,1.326,0.6,400,1.4,,,
1422,59,44,18,1.1,0,0.614,0.68,400,1.4,,,
1423,59,44,19,1.7,0,0.513,0.65,400,1.4,,,
1424,59,44,20,1.9,0,0.49,0.61,400,1.4,,,
1425,59,44,21,2.3,0,0.485,0.54,400,1.4,,,
1426,59,44,22,1.7,0,0.488,0.61,400,1.4,,,
1427,59,44,23,1.3,0,0.444,0.71,400,1.4,,,
1428,59,44,24,0.8,0,0.447,0.83,400,1.6,,,
1429,59,45,1,1,0,0.473,0.9,400,1.6,,,
1430,59,45,2,1,0,0.559,0.93,400,1.6,,,
1431,59,45,3,1.3,0,0.702,0.94,400,1.6,,,
1432,59,45,4,1.6,0,0.919,0.96,400,1.6,,,
1433,59,45,5,1.8,0,1.119,0.96,400,1.6,,,
1434,59,45,6,2.1,0,1.328,0.97,400,1.6,,,
1435,59,45,7,2.3,0,1.473,0.97,400,1.6,,,
1436,59,45,8,2.7,11.22222222,1.625,0.98,400,1.6,,,
1437,59,45,9,3.3,112.2222222,2.062,0.98,400,1.6,,,
1438,59,45,10,3.5,145.8888889,2.909,0.98,400,1.6,,,
1439,59,45,11,4.2,258.1111111,3.756,0.99,400,1.6,,,
1440,60,45,12,5,258.1111111,4.885,0.99,400,1.6,4.941666667,1447.666667,5.56975
1441,60,45,13,5.7,336.6666667,6.453,0.99,400,1.6,,,
1442,60,45,14,5.9,291.7777778,6.678,0.99,400,1.6,,,
1443,60,45,15,5.8,134.6666667,6.566,0.99,400,1.6,,,
1444,60,45,16,5.6,56.11111111,6.341,0.99,400,1.6,,,
1445,60,45,17,5.1,22.44444444,5.78,0.99,400,1.6,,,
1446,60,45,18,4.7,11.22222222,5.331,0.99,400,1.6,,,
1447,60,45,19,4.6,0,5.219,0.99,400,1.6,,,
1448,60,45,20,4.7,0,5.331,0.99,400,1.6,,,
1449,60,45,21,4.4,0,4.995,0.99,400,1.6,,,
1450,60,45,22,4.5,0,5.107,0.99,400,1.6,,,
1451,60,45,23,4.3,0,4.882,0.99,400,1.6,,,
1452,60,45,24,3.8,0,4.321,0.99,400,3.4,,,
1453,60,46,1,3.9,0,4.434,0.99,400,3.4,,,
1454,60,46,2,3.7,0,4.209,0.95,400,3.4,,,
1455,60,46,3,4.2,0,4.77,0.93,400,3.4,,,
1456,60,46,4,4.5,0,5.107,0.94,400,3.4,,,
1457,60,46,5,4.6,0,5.219,0.94,400,3.4,,,
1458,60,46,6,5,0,5.668,0.93,400,3.4,,,
1459,60,46,7,4.8,0,5.443,0.95,400,3.4,,,
1460,60,46,8,5.3,11.22222222,6.005,0.96,400,3.4,,,
1461,60,46,9,5.7,67.33333333,6.453,0.95,400,3.4,,,
1462,60,46,10,6.1,78.55555556,6.902,0.96,400,3.4,,,
1463,60,46,11,6.7,179.5555556,7.575,0.97,400,3.4,,,
1464,61,46,12,6.2,123.4444444,7.014,0.86,400,3.4,,,
1465,61,46,13,8.5,662.1111111,9.595,0.78,400,3.4,,,
1466,61,46,14,8,774.3333333,9.034,0.67,400,3.4,,,
1467,61,46,15,8.4,471.3333333,9.483,0.6,400,3.4,,,
1468,61,46,16,7.5,370.3333333,8.473,0.63,400,3.4,,,
1469,61,46,17,6.1,89.77777778,6.902,0.66,400,3.4,,,
1470,61,46,18,5.1,0,5.78,0.68,400,3.4,,,
1471,61,46,19,3.7,0,4.209,0.8,400,3.4,,,
1472,61,46,20,3.1,0,3.536,0.79,400,3.4,,,
1473,61,46,21,3.8,0,4.321,0.82,400,3.4,,,
1474,61,46,22,4.3,0,4.882,0.81,400,3.4,,,
1475,61,46,23,4.1,0,4.658,0.81,400,3.4,,,
1476,61,46,24,3.3,0,3.76,0.84,400,3.5,,,
1477,61,47,1,3.4,0,3.873,0.86,400,3.5,,,
1478,61,47,2,3.6,0,4.097,0.84,400,3.5,,,
1479,61,47,3,4.2,0,4.77,0.83,400,3.5,,,
1480,61,47,4,3.8,0,4.321,0.85,400,3.5,,,
1481,61,47,5,4,0,4.546,0.88,400,3.5,,,
1482,61,47,6,4.5,0,5.107,0.89,400,3.5,,,
1483,61,47,7,4.5,0,5.107,0.89,400,3.5,,,
1484,61,47,8,4.9,56.11111111,5.556,0.83,400,3.5,,,
1485,61,47,9,5.4,235.6666667,6.117,0.82,400,3.5,,,
1486,61,47,10,6.2,370.3333333,7.014,0.79,400,3.5,,,
1487,61,47,11,4,235.6666667,4.546,0.88,400,3.5,,,
1488,62,47,12,5.8,415.2222222,6.566,0.86,400,3.5,,,
1489,62,47,13,5.1,404,5.78,0.85,400,3.5,,,
1490,62,47,14,6.1,336.6666667,6.902,0.78,400,3.5,,,
1491,62,47,15,5.9,381.5555556,6.678,0.79,400,3.5,,,
1492,62,47,16,6.1,168.3333333,6.902,0.75,400,3.5,,,
1493,62,47,17,6,78.55555556,6.79,0.77,400,3.5,,,
1494,62,47,18,5.5,0,6.229,0.81,400,3.5,,,
1495,62,47,19,5,0,5.668,0.84,400,3.5,,,
1496,62,47,20,4.8,0,5.443,0.86,400,3.5,,,
1497,62,47,21,5.6,0,6.341,0.82,400,3.5,,,
1498,62,47,22,6.1,0,6.902,0.85,400,3.5,,,
1499,62,47,23,5.9,0,5.427272727,0.9,400,3.5,,,
1500,62,47,24,6.1,0,5.536363636,0.94,400,4.3,,,
1501,62,48,1,6.4,0,5.654545455,0.96,400,4.3,,,
1502,62,48,2,7,0,5.806060606,0.97,400,4.3,,,
1503,62,48,3,7.6,0,5.972727273,0.98,400,4.3,,,
1504,62,48,4,8.1,0,6.154545455,0.97,400,4.3,,,
1505,62,48,5,8,0,6.324242424,0.97,400,4.3,,,
1506,62,48,6,7.8,0,6.527272727,0.98,400,4.3,,,
1507,62,48,7,7.9,0,6.727272727,0.97,400,4.3,,,
1508,62,48,8,8,11.22222222,6.903030303,0.94,400,4.3,,,
1509,62,48,9,8.3,123.4444444,7.060606061,0.92,400,4.3,,,
1510,62,48,10,8.9,269.3333333,7.2,0.89,400,4.3,,,
1511,62,48,11,9.6,291.7777778,7.3,0.88,400,4.3,,,
1512,63,48,12,9.8,404,7.372727273,0.83,400,4.3,,,
1513,63,48,13,10.5,381.5555556,7.481818182,0.82,400,4.3,,,
1514,63,48,14,10.6,448.8888889,7.545454545,0.81,400,4.3,,,
1515,63,48,15,10.3,516.2222222,7.627272727,0.8,400,4.3,,,
1516,63,48,16,9.7,190.7777778,7.687878788,0.8,400,4.3,,,
1517,63,48,17,9.5,33.66666667,7.754545455,0.8,400,4.3,,,
1518,63,48,18,8.7,0,7.815151515,0.81,400,4.3,,,
1519,63,48,19,8.6,0,7.872727273,0.86,400,4.3,,,
1520,63,48,20,7.6,0,7.942424242,0.93,400,4.3,,,
1521,63,48,21,7.9,0,8.027272727,0.96,400,4.3,,,
1522,63,48,22,7.8,0,8.124242424,0.97,400,4.3,,,
1523,63,48,23,8.1,0,8.203030303,0.95,400,4.3,,,
1524,63,48,24,8.1,0,8.272727273,0.95,400,5.4,,,
1525,63,49,1,8.1,0,8.357575758,0.94,400,5.4,,,
1526,63,49,2,7.9,0,8.451515152,0.94,400,5.4,,,
1527,63,49,3,7.8,0,8.554545455,0.96,400,5.4,,,
1528,63,49,4,7.8,0,8.645454545,0.96,400,5.4,,,
1529,63,49,5,8,0,8.73030303,0.95,400,5.4,,,
1530,63,49,6,8.2,0,8.809090909,0.94,400,5.4,,,
1531,63,49,7,8.4,0,8.896969697,0.93,400,5.4,,,
1532,63,49,8,8.7,22.44444444,8.987878788,0.93,400,5.4,,,
1533,63,49,9,9.2,67.33333333,9.081818182,0.93,400,5.4,,,
1534,63,49,10,9.8,157.1111111,9.16969697,0.91,400,5.4,,,
1535,63,49,11,10,235.6666667,9.245454545,0.93,400,5.4,,,
1536,64,49,12,10.4,202,9.3,0.92,400,5.4,,,
1537,64,49,13,10.7,190.7777778,9.333333333,0.91,400,5.4,,,
1538,64,49,14,10.9,235.6666667,9.354545455,0.91,400,5.4,,,
1539,64,49,15,10.8,89.77777778,9.354545455,0.91,400,5.4,,,
1540,64,49,16,11,56.11111111,9.345454545,0.91,400,5.4,,,
1541,64,49,17,10.9,22.44444444,9.351515152,0.94,400,5.4,,,
1542,64,49,18,10.8,0,9.354545455,0.97,400,5.4,,,
1543,64,49,19,10.7,0,9.360606061,0.96,400,5.4,,,
1544,64,49,20,10.7,0,9.387878788,0.96,400,5.4,,,
1545,64,49,21,10.5,0,9.418181818,0.96,400,5.4,,,
1546,64,49,22,10.5,0,9.484848485,0.96,400,5.4,,,
1547,64,49,23,10.3,0,9.548484848,0.97,400,5.4,,,
1548,64,49,24,10.5,0,9.612121212,0.94,400,3.7,,,
1549,64,50,1,9.8,0,9.66969697,0.96,400,3.7,,,
1550,64,50,2,9.7,0,9.739393939,0.97,400,3.7,,,
1551,64,50,3,9.6,0,9.803030303,0.98,400,3.7,,,
1552,64,50,4,9.6,0,9.866666667,0.98,400,3.7,,,
1553,64,50,5,9.8,0,9.936363636,0.98,400,3.7,,,
1554,64,50,6,10,0,10.00909091,0.97,400,3.7,,,
1555,64,50,7,9.9,0,10.07575758,0.98,400,3.7,,,
1556,64,50,8,10,22.44444444,10.15151515,0.99,400,3.7,,,
1557,64,50,9,10.4,89.77777778,10.2,0.99,400,3.7,,,
1558,64,50,10,10.2,179.5555556,10.21515152,0.98,400,3.7,,,
1559,64,50,11,10,235.6666667,10.19090909,0.96,400,3.7,,,
1560,65,50,12,10.1,448.8888889,10.11515152,0.86,400,3.7,,,
1561,65,50,13,10.2,460.1111111,10.05151515,0.81,400,3.7,,,
1562,65,50,14,10.2,426.4444444,9.954545455,0.79,400,3.7,,,
1563,65,50,15,10.7,359.1111111,9.821212121,0.79,400,3.7,,,
1564,65,50,16,10,426.4444444,9.675757576,0.77,400,3.7,,,
1565,65,50,17,9.2,78.55555556,9.533333333,0.76,400,3.7,,,
1566,65,50,18,8.4,0,9.396969697,0.82,400,3.7,,,
1567,65,50,19,7.3,0,9.263636364,0.89,400,3.7,,,
1568,65,50,20,7.9,0,9.136363636,0.88,400,3.7,,,
1569,65,50,21,7.2,0,9.009090909,0.86,400,3.7,,,
1570,65,50,22,6.3,0,8.878787879,0.82,400,3.7,,,
1571,65,50,23,6.1,0,8.763636364,0.83,400,3.7,,,
1572,65,50,24,6.1,0,8.654545455,0.82,400,6.2,,,
1573,65,51,1,6.5,0,8.554545455,0.8,400,6.2,,,
1574,65,51,2,6.5,0,8.46969697,0.84,400,6.2,,,
1575,65,51,3,6.6,0,8.421212121,0.85,400,6.2,,,
1576,65,51,4,6.5,0,8.393939394,0.84,400,6.2,,,
1577,65,51,5,6.4,0,8.387878788,0.87,400,6.2,,,
1578,65,51,6,6.7,0,8.375757576,0.85,400,6.2,,,
1579,65,51,7,6.9,0,8.345454545,0.85,400,6.2,,,
1580,65,51,8,7,67.33333333,8.303030303,0.86,400,6.2,,,
1581,65,51,9,7.7,101,8.272727273,0.88,400,6.2,,,
1582,65,51,10,8.2,134.6666667,8.233333333,0.88,400,6.2,,,
1583,65,51,11,8.8,179.5555556,8.181818182,0.87,400,6.2,,,
1584,66,51,12,9.4,145.8888889,8.145454545,0.88,400,6.2,,,
1585,66,51,13,9.2,123.4444444,8.112121212,0.91,400,6.2,,,
1586,66,51,14,8.8,123.4444444,8.054545455,0.93,400,6.2,,,
1587,66,51,15,8.6,78.55555556,7.972727273,0.96,400,6.2,,,
1588,66,51,16,8.9,56.11111111,7.884848485,0.97,400,6.2,,,
1589,66,51,17,8.7,22.44444444,7.763636364,0.96,400,6.2,,,
1590,66,51,18,8.7,0,7.657575758,0.97,400,6.2,,,
1591,66,51,19,9,0,7.536363636,0.91,400,6.2,,,
1592,66,51,20,8.9,0,7.396969697,0.89,400,6.2,,,
1593,66,51,21,8.2,0,7.306060606,0.85,400,6.2,,,
1594,66,51,22,7.5,0,7.166666667,0.82,400,6.2,,,
1595,66,51,23,7.3,0,7.048484848,0.81,400,6.2,,,
1596,66,51,24,6.7,0,6.96969697,0.81,400,6.3,,,
1597,66,52,1,6.5,0,6.915151515,0.82,400,6.3,,,
1598,66,52,2,5.2,0,6.890909091,0.83,400,6.3,,,
1599,66,52,3,3.8,0,6.875757576,0.86,400,6.3,,,
1600,66,52,4,4.3,0,6.875757576,0.8,400,6.3,,,
1601,66,52,5,3.3,0,6.845454545,0.83,400,6.3,,,
1602,66,52,6,3.3,0,6.845454545,0.88,400,6.3,,,
1603,66,52,7,3.7,0,6.824242424,0.76,400,6.3,,,
1604,66,52,8,4.3,123.4444444,6.739393939,0.74,400,6.3,,,
1605,66,52,9,5.3,269.3333333,6.715151515,0.72,400,6.3,,,
1606,66,52,10,6,639.6666667,6.672727273,0.68,400,6.3,,,
1607,66,52,11,6.5,628.4444444,6.593939394,0.6,400,6.3,,,
1608,67,52,12,5.6,740.6666667,6.493939394,0.63,400,6.3,,,
1609,67,52,13,6.5,796.7777778,6.363636364,0.63,400,6.3,,,
1610,67,52,14,5.7,538.6666667,6.203030303,0.72,400,6.3,,,
1611,67,52,15,3.9,190.7777778,6.051515152,0.78,400,6.3,,,
1612,67,52,16,6.1,269.3333333,5.906060606,0.67,400,6.3,,,
1613,67,52,17,5.6,179.5555556,5.748484848,0.59,400,6.3,,,
1614,67,52,18,5.1,0,5.593939394,0.67,400,6.3,,,
1615,67,52,19,4.9,0,5.439393939,0.68,400,6.3,,,
1616,67,52,20,4.5,0,5.257575758,0.69,400,6.3,,,
1617,67,52,21,4.1,0,5.06969697,0.68,400,6.3,,,
1618,67,52,22,4.2,0,4.863636364,0.69,400,6.3,,,
1619,67,52,23,4,0,4.657575758,0.73,400,6.3,,,
1620,67,52,24,3.4,0,4.478787879,0.75,400,3.9,,,
1621,67,53,1,3.8,0,4.336363636,0.76,400,3.9,,,
1622,67,53,2,3.6,0,4.251515152,0.74,400,3.9,,,
1623,67,53,3,2.7,0,4.209090909,0.8,400,3.9,,,
1624,67,53,4,2.8,0,4.215151515,0.76,400,3.9,,,
1625,67,53,5,2.1,0,4.293939394,0.77,400,3.9,,,
1626,67,53,6,1.4,0,4.378787879,0.78,400,3.9,,,
1627,67,53,7,1.6,0,4.5,0.78,400,3.9,,,
1628,67,53,8,2.6,145.8888889,4.603030303,0.74,400,3.9,,,
1629,67,53,9,3.9,482.5555556,4.672727273,0.74,400,3.9,,,
1630,67,53,10,5.1,673.3333333,4.675757576,0.69,400,3.9,,,
1631,67,53,11,5.4,808,4.609090909,0.63,400,3.9,,,
1632,68,53,12,6.4,942.6666667,4.509090909,0.6,400,3.9,,,
1633,68,53,13,7.1,1077.333333,4.390909091,0.56,400,3.9,,,
1634,68,53,14,7.3,965.1111111,4.318181818,0.58,400,3.9,,,
1635,68,53,15,6.7,673.3333333,4.23030303,0.51,400,3.9,,,
1636,68,53,16,6,460.1111111,4.16969697,0.54,400,3.9,,,
1637,68,53,17,4.4,101,4.133333333,0.64,400,3.9,,,
1638,68,53,18,3.1,11.22222222,4.021212121,0.69,400,3.9,,,
1639,68,53,19,2.7,0,3.918181818,0.72,400,3.9,,,
1640,68,53,20,2.6,0,3.818181818,0.75,400,3.9,,,
1641,68,53,21,3.2,0,3.742424242,0.72,400,3.9,,,
1642,68,53,22,3.6,0,3.7,0.7,400,3.9,,,
1643,68,53,23,3.7,0,3.678787879,0.73,400,3.9,,,
1644,68,53,24,2.7,0,3.663636364,0.85,400,3.1,,,
1645,68,54,1,2.4,0,3.666666667,0.9,400,3.1,,,
1646,68,54,2,2.2,0,3.7,0.92,400,3.1,,,
1647,68,54,3,1.8,0,3.751515152,0.93,400,3.1,,,
1648,68,54,4,2.4,0,3.821212121,0.94,400,3.1,,,
1649,68,54,5,3.1,0,3.933333333,0.95,400,3.1,,,
1650,68,54,6,3.4,0,4.072727273,0.95,400,3.1,,,
1651,68,54,7,3.7,0,4.224242424,0.96,400,3.1,,,
1652,68,54,8,4.1,33.66666667,4.4,0.96,400,3.1,,,
1653,68,54,9,4.5,78.55555556,4.554545455,0.96,400,3.1,,,
1654,68,54,10,5.5,190.7777778,4.657575758,0.96,400,3.1,,,
1655,68,54,11,5.9,269.3333333,4.696969697,0.95,400,3.1,,,
1656,69,54,12,6.4,235.6666667,4.681818182,0.96,400,3.1,,,
1657,69,54,13,7.4,291.7777778,4.645454545,0.96,400,3.1,,,
1658,69,54,14,7.1,269.3333333,4.575757576,0.95,400,3.1,,,
1659,69,54,15,7.2,157.1111111,4.481818182,0.95,400,3.1,,,
1660,69,54,16,6.7,56.11111111,4.378787879,0.94,400,3.1,,,
1661,69,54,17,6,22.44444444,4.278787879,0.95,400,3.1,,,
1662,69,54,18,5.2,0,4.142424242,0.96,400,3.1,,,
1663,69,54,19,4.6,0,4.021212121,0.96,400,3.1,,,
1664,69,54,20,4.2,0,3.933333333,0.93,400,3.1,,,
1665,69,54,21,4.1,0,3.854545455,0.88,400,3.1,,,
1666,69,54,22,4,0,3.76969697,0.88,400,3.1,,,
1667,69,54,23,3.9,0,3.666666667,0.87,400,3.1,,,
1668,69,54,24,3.4,0,3.536363636,0.89,400,0.9,,,
1669,69,55,1,1.5,0,3.472727273,0.91,400,0.9,,,
1670,69,55,2,0.4,0,3.442424242,0.94,400,0.9,,,
1671,69,55,3,0.2,0,3.496969697,0.94,400,0.9,,,
1672,69,55,4,0.1,0,3.590909091,0.95,400,0.9,,,
1673,69,55,5,-0.2,0,3.751515152,0.95,400,0.9,,,
1674,69,55,6,-0.2,0,3.939393939,0.95,400,0.9,,,
1675,69,55,7,-0.7,11.22222222,4.106060606,0.95,400,0.9,,,
1676,69,55,8,1.6,168.3333333,4.275757576,0.95,400,0.9,,,
1677,69,55,9,1.7,392.7777778,4.43030303,0.9,400,0.9,,,
1678,69,55,10,4.2,751.8888889,4.515151515,0.84,400,0.9,,,
1679,69,55,11,5.3,796.7777778,4.554545455,0.73,400,0.9,,,
1680,70,55,12,7.1,1010,4.536363636,0.64,400,0.9,,,
1681,70,55,13,8.6,1066.111111,4.478787879,0.53,400,0.9,,,
1682,70,55,14,8.6,953.8888889,4.4,0.5,400,0.9,,,
1683,70,55,15,9,751.8888889,4.278787879,0.49,400,0.9,,,
1684,70,55,16,8.8,505,4.157575758,0.5,400,0.9,,,
1685,70,55,17,6.9,190.7777778,4.021212121,0.62,400,0.9,,,
1686,70,55,18,5.8,11.22222222,3.915151515,0.69,400,0.9,,,
1687,70,55,19,4.9,0,3.803030303,0.71,400,0.9,,,
1688,70,55,20,4,0,3.712121212,0.71,400,0.9,,,
1689,70,55,21,3.8,0,3.636363636,0.69,400,0.9,,,
1690,70,55,22,3.4,0,3.560606061,0.72,400,0.9,,,
1691,70,55,23,3.1,0,3.475757576,0.73,400,0.9,,,
1692,70,55,24,2.7,0,3.384848485,0.74,400,2.4,,,
1693,70,56,1,3.2,0,3.3,0.74,400,2.4,,,
1694,70,56,2,2.3,0,3.245454545,0.79,400,2.4,,,
1695,70,56,3,2.2,0,3.278787879,0.8,400,2.4,,,
1696,70,56,4,2.1,0,3.372727273,0.81,400,2.4,,,
1697,70,56,5,1.7,0,3.509090909,0.84,400,2.4,,,
1698,70,56,6,1.3,0,3.681818182,0.86,400,2.4,,,
1699,70,56,7,1,0,3.906060606,0.89,400,2.4,,,
1700,70,56,8,1.1,112.2222222,4.109090909,0.92,400,2.4,,,
1701,70,56,9,1.6,112.2222222,4.306060606,0.94,400,2.4,,,
1702,70,56,10,2.6,190.7777778,4.4,0.95,400,2.4,,,
1703,70,56,11,3.5,303,4.484848485,0.93,400,2.4,,,
1704,71,56,12,4.7,471.3333333,4.487878788,0.88,400,2.4,,,
1705,71,56,13,5.8,718.2222222,4.463636364,0.84,400,2.4,,,
1706,71,56,14,7.2,864.1111111,4.390909091,0.81,400,2.4,,,
1707,71,56,15,6.5,774.3333333,4.272727273,0.78,400,2.4,,,
1708,71,56,16,5.8,460.1111111,4.148484848,0.78,400,2.4,,,
1709,71,56,17,4.7,213.2222222,4.012121212,0.82,400,2.4,,,
1710,71,56,18,4.5,0,3.878787879,0.83,400,2.4,,,
1711,71,56,19,4.3,0,3.796969697,0.87,400,2.4,,,
1712,71,56,20,4.5,0,3.757575758,0.88,400,2.4,,,
1713,71,56,21,4.7,0,3.742424242,0.88,400,2.4,,,
1714,71,56,22,4.7,0,3.754545455,0.87,400,2.4,,,
1715,71,56,23,4.5,0,3.763636364,0.88,400,2.4,,,
1716,71,56,24,4.5,0,3.775757576,0.87,400,2.9,,,
1717,71,57,1,4.4,0,3.818181818,0.86,400,2.9,,,
1718,71,57,2,4.2,0,3.906060606,0.87,400,2.9,,,
1719,71,57,3,4.5,0,4.048484848,0.87,400,2.9,,,
1720,71,57,4,4.4,0,4.227272727,0.88,400,2.9,,,
1721,71,57,5,4.4,0,4.478787879,0.88,400,2.9,,,
1722,71,57,6,4.1,0,4.718181818,0.9,400,2.9,,,
1723,71,57,7,3.8,11.22222222,4.954545455,0.91,400,2.9,,,
1724,71,57,8,4.5,67.33333333,5.175757576,0.91,400,2.9,,,
1725,71,57,9,5.6,235.6666667,5.36969697,0.87,400,2.9,,,
1726,71,57,10,7.9,852.8888889,5.548484848,0.79,400,2.9,,,
1727,71,57,11,8.2,909,5.7,0.78,400,2.9,,,
1728,72,57,12,10.5,1144.666667,5.812121212,0.76,400,2.9,,,
1729,72,57,13,10,931.4444444,5.878787879,0.76,400,2.9,,,
1730,72,57,14,9.5,280.5555556,5.9,0.81,400,2.9,,,
1731,72,57,15,8.6,67.33333333,5.857575758,0.89,400,2.9,,,
1732,72,57,16,7.4,33.66666667,5.766666667,0.89,400,2.9,,,
1733,72,57,17,7,56.11111111,5.696969697,0.93,400,2.9,,,
1734,72,57,18,6.6,11.22222222,5.639393939,0.94,400,2.9,,,
1735,72,57,19,6.3,0,5.609090909,0.93,400,2.9,,,
1736,72,57,20,5.7,0,5.596969697,0.94,400,2.9,,,
1737,72,57,21,5.4,0,5.554545455,0.94,400,2.9,,,
1738,72,57,22,4.4,0,5.496969697,0.94,400,2.9,,,
1739,72,57,23,4.2,0,5.43030303,0.94,400,2.9,,,
1740,72,57,24,4.2,0,5.36969697,0.89,400,3.4,,,
1741,72,58,1,3.9,0,5.372727273,0.88,400,3.4,,,
1742,72,58,2,3.7,0,5.43030303,0.87,400,3.4,,,
1743,72,58,3,4.1,0,5.527272727,0.89,400,3.4,,,
1744,72,58,4,2.9,0,5.675757576,0.9,400,3.4,,,
1745,72,58,5,2.6,0,5.851515152,0.91,400,3.4,,,
1746,72,58,6,2.5,0,6.033333333,0.92,400,3.4,,,
1747,72,58,7,2.7,11.22222222,6.23030303,0.92,400,3.4,,,
1748,72,58,8,4.6,213.2222222,6.442424242,0.9,400,3.4,,,
1749,72,58,9,6.4,561.1111111,6.639393939,0.85,400,3.4,,,
1750,72,58,10,7.6,729.4444444,6.8,0.83,400,3.4,,,
1751,72,58,11,9.1,875.3333333,6.903030303,0.83,400,3.4,,,
1752,73,58,12,10.3,718.2222222,6.909090909,0.77,400,3.4,,,
1753,73,58,13,10.4,909,6.906060606,0.67,400,3.4,,,
1754,73,58,14,10.9,662.1111111,6.836363636,0.67,400,3.4,,,
1755,73,58,15,11.1,830.4444444,6.763636364,0.62,400,3.4,,,
1756,73,58,16,10.3,538.6666667,6.684848485,0.63,400,3.4,,,
1757,73,58,17,9.8,157.1111111,6.666666667,0.66,400,3.4,,,
1758,73,58,18,9,11.22222222,6.66969697,0.69,400,3.4,,,
1759,73,58,19,8.1,0,6.687878788,0.72,400,3.4,,,
1760,73,58,20,8.1,0,6.709090909,0.71,400,3.4,,,
1761,73,58,21,8.2,0,6.739393939,0.74,400,3.4,,,
1762,73,58,22,7.6,0,6.790909091,0.78,400,3.4,,,
1763,73,58,23,6.9,0,6.851515152,0.81,400,3.4,,,
1764,73,58,24,8,0,6.945454545,0.76,400,6,,,
1765,73,61,1,7.5,0,7.057575758,0.82,400,6,,,
1766,73,61,2,7.6,0,7.187878788,0.85,400,6,,,
1767,73,61,3,7.3,0,7.348484848,0.87,400,6,,,
1768,73,61,4,7.3,0,7.533333333,0.91,400,6,,,
1769,73,61,5,7.4,0,7.715151515,0.92,400,6,,,
1770,73,61,6,7.4,0,7.936363636,0.93,400,6,,,
1771,73,61,7,7.5,0,8.184848485,0.94,400,6,,,
1772,73,61,8,7.9,33.66666667,8.439393939,0.94,400,6,,,
1773,73,61,9,8.5,89.77777778,8.703030303,0.93,400,6,,,
1774,73,61,10,9.2,213.2222222,8.906060606,0.92,400,6,,,
1775,73,61,11,9.8,202,9.066666667,0.9,400,6,,,
1776,74,61,12,10.1,157.1111111,9.181818182,0.91,400,6,,,
1777,74,61,13,10.2,179.5555556,9.257575758,0.94,400,6,,,
1778,74,61,14,10.8,179.5555556,9.287878788,0.92,400,6,,,
1779,74,61,15,10.9,101,9.327272727,0.93,400,6,,,
1780,74,61,16,11.4,67.33333333,9.342424242,0.91,400,6,,,
1781,74,61,17,11.3,22.44444444,9.333333333,0.92,400,6,,,
1782,74,61,18,11.7,0,9.333333333,0.89,400,6,,,
1783,74,61,19,11.4,0,9.342424242,0.91,400,6,,,
1784,74,61,20,11.6,0,9.372727273,0.91,400,6,,,
1785,74,61,21,11.3,0,9.433333333,0.92,400,6,,,
1786,74,61,22,11.7,0,9.496969697,0.88,400,6,,,
1787,74,61,23,11.4,0,9.560606061,0.86,400,6,,,
1788,74,61,24,10.8,0,9.648484848,0.9,400,6,,,
1789,74,62,1,10.3,0,9.766666667,0.92,400,6,,,
1790,74,62,2,10.1,0,9.86969697,0.94,400,6,,,
1791,74,62,3,10,0,10.0030303,0.95,400,6,,,
1792,74,62,4,10.1,0,10.16969697,0.94,400,6,,,
1793,74,62,5,10.2,0,10.34242424,0.95,400,6,,,
1794,74,62,6,10.3,0,10.50606061,0.95,400,6,,,
1795,74,62,7,10.5,0,10.66060606,0.94,400,6,,,
1796,74,62,8,10.8,89.77777778,10.80909091,0.95,400,6,,,
1797,74,62,9,11.4,145.8888889,10.95454545,0.94,400,6,,,
1798,74,62,10,11.9,269.3333333,11.09393939,0.94,400,6,,,
1799,74,62,11,13.1,707,11.2030303,0.89,400,6,,,
1800,75,62,12,13,493.7777778,11.28787879,0.87,400,6,,,
1801,75,62,13,12.7,246.8888889,11.34848485,0.88,400,6,,,
1802,75,62,14,12.5,168.3333333,11.3969697,0.9,400,6,,,
1803,75,62,15,12.3,202,11.42727273,0.92,400,6,,,
1804,75,62,16,12.3,134.6666667,11.42424242,0.91,400,6,,,
1805,75,62,17,12.5,101,11.4030303,0.88,400,6,,,
1806,75,62,18,12.1,11.22222222,11.36363636,0.91,400,6,,,
1807,75,62,19,12,0,11.33333333,0.89,400,6,,,
1808,75,62,20,11.8,0,11.26060606,0.88,400,6,,,
1809,75,62,21,11.7,0,11.16363636,0.85,400,6,,,
1810,75,62,22,11.2,0,11.03333333,0.85,400,6,,,
1811,75,62,23,10.7,0,10.91212121,0.87,400,6,,,
1812,75,62,24,10.2,0,10.77272727,0.91,400,5.6,,,
1813,75,63,1,10.1,0,10.66363636,0.93,400,5.6,,,
1814,75,63,2,10.3,0,10.59393939,0.92,400,5.6,,,
1815,75,63,3,9.3,0,10.54545455,0.89,400,5.6,,,
1816,75,63,4,8.2,0,10.51212121,0.75,400,5.6,,,
1817,75,63,5,7.3,0,10.44242424,0.82,400,5.6,,,
1818,75,63,6,7.3,0,10.32727273,0.82,400,5.6,,,
1819,75,63,7,7.1,11.22222222,10.26666667,0.84,400,5.6,,,
1820,75,63,8,7.8,89.77777778,10.20606061,0.82,400,5.6,,,
1821,75,63,9,8.5,291.7777778,10.13636364,0.8,400,5.6,,,
1822,75,63,10,8.7,370.3333333,10.05454545,0.76,400,5.6,,,
1823,75,63,11,9,426.4444444,9.936363636,0.77,400,5.6,,,
1824,76,63,12,7.7,246.8888889,9.778787879,0.88,400,5.6,,,
1825,76,63,13,6.3,258.1111111,9.563636364,0.88,400,5.6,,,
1826,76,63,14,8.2,572.3333333,9.351515152,0.79,400,5.6,,,
1827,76,63,15,8.3,583.5555556,9.142424242,0.76,400,5.6,,,
1828,76,63,16,8.2,213.2222222,8.936363636,0.77,400,5.6,,,
1829,76,63,17,8.1,67.33333333,8.727272727,0.75,400,5.6,,,
1830,76,63,18,7.5,11.22222222,8.515151515,0.78,400,5.6,,,
1831,76,63,19,6.7,0,8.306060606,0.83,400,5.6,,,
1832,76,63,20,6,0,8.106060606,0.88,400,5.6,,,
1833,76,63,21,6,0,7.912121212,0.87,400,5.6,,,
1834,76,63,22,5.8,0,7.727272727,0.85,400,5.6,,,
1835,76,63,23,5.7,0,7.542424242,0.85,400,5.6,,,
1836,76,63,24,5.4,0,7.375757576,0.87,400,4.4,,,
1837,76,64,1,5.3,0,7.236363636,0.89,400,4.4,,,
1838,76,64,2,5.6,0,7.112121212,0.91,400,4.4,,,
1839,76,64,3,5.5,0,7.012121212,0.92,400,4.4,,,
1840,76,64,4,5.6,0,6.924242424,0.92,400,4.4,,,
1841,76,64,5,5.7,0,6.893939394,0.9,400,4.4,,,
1842,76,64,6,5.6,0,6.936363636,0.9,400,4.4,,,
1843,76,64,7,5.7,0,6.951515152,0.89,400,4.4,,,
1844,76,64,8,6.1,123.4444444,6.9,0.88,400,4.4,,,
1845,76,64,9,6.1,168.3333333,6.875757576,0.88,400,4.4,,,
1846,76,64,10,6.8,448.8888889,6.824242424,0.85,400,4.4,,,
1847,76,64,11,7.4,538.6666667,6.727272727,0.8,400,4.4,,,
1848,77,64,12,8.3,751.8888889,6.615151515,0.75,400,4.4,,,
1849,77,64,13,9.6,819.2222222,6.496969697,0.69,400,4.4,,,
1850,77,64,14,7.8,471.3333333,6.415151515,0.78,400,4.4,,,
1851,77,64,15,5.6,202,6.36969697,0.88,400,4.4,,,
1852,77,64,16,6.3,235.6666667,6.257575758,0.87,400,4.4,,,
1853,77,64,17,6.1,179.5555556,6.115151515,0.86,400,4.4,,,
1854,77,64,18,5.3,22.44444444,5.966666667,0.85,400,4.4,,,
1855,77,64,19,5,0,5.83030303,0.91,400,4.4,,,
1856,77,64,20,5.1,0,5.709090909,0.92,400,4.4,,,
1857,77,64,21,5,0,5.612121212,0.93,400,4.4,,,
1858,77,64,22,4.8,0,5.533333333,0.91,400,4.4,,,
1859,77,64,23,4.5,0,5.442424242,0.91,400,4.4,,,
1860,77,64,24,3.6,0,5.351515152,0.89,400,3.4,,,
1861,77,65,1,3.3,0,5.272727273,0.91,400,3.4,,,
1862,77,65,2,3.6,0,5.239393939,0.92,400,3.4,,,
1863,77,65,3,3.5,0,5.239393939,0.92,400,3.4,,,
1864,77,65,4,3.5,0,5.239393939,0.92,400,3.4,,,
1865,77,65,5,3.4,0,5.248484848,0.91,400,3.4,,,
1866,77,65,6,3,0,5.206060606,0.92,400,3.4,,,
1867,77,65,7,2.8,11.22222222,5.193939394,0.92,400,3.4,,,
1868,77,65,8,3.1,78.55555556,5.142424242,0.92,400,3.4,,,
1869,77,65,9,4.3,448.8888889,5.090909091,0.89,400,3.4,,,
1870,77,65,10,5.3,774.3333333,5.048484848,0.83,400,3.4,,,
1871,77,65,11,5.6,572.3333333,5,0.78,400,3.4,,,
1872,78,65,12,5.8,549.8888889,4.921212121,0.74,400,3.4,,,
1873,78,65,13,4.2,336.6666667,4.812121212,0.83,400,3.4,,,
1874,78,65,14,5.3,258.1111111,4.666666667,0.88,400,3.4,,,
1875,78,65,15,3.9,157.1111111,4.484848485,0.88,400,3.4,,,
1876,78,65,16,4,134.6666667,4.333333333,0.9,400,3.4,,,
1877,78,65,17,4.7,89.77777778,4.221212121,0.91,400,3.4,,,
1878,78,65,18,4.5,11.22222222,4.075757576,0.86,400,3.4,,,
1879,78,65,19,4.2,0,3.948484848,0.85,400,3.4,,,
1880,78,65,20,3.8,0,3.839393939,0.86,400,3.4,,,
1881,78,65,21,3.5,0,3.742424242,0.87,400,3.4,,,
1882,78,65,22,3.6,0,3.639393939,0.85,400,3.4,,,
1883,78,65,23,2.8,0,3.539393939,0.86,400,3.4,,,
1884,78,65,24,1.9,0,3.436363636,0.87,400,3,,,
1885,78,66,1,1.5,0,3.354545455,0.9,400,3,,,
1886,78,66,2,1.9,0,3.339393939,0.91,400,3,,,
1887,78,66,3,1.7,0,3.351515152,0.92,400,3,,,
1888,78,66,4,1.8,0,3.363636364,0.92,400,3,,,
1889,78,66,5,1.7,0,3.403030303,0.93,400,3,,,
1890,78,66,6,1.7,0,3.466666667,0.93,400,3,,,
1891,78,66,7,1.4,11.22222222,3.5,0.93,400,3,,,
1892,78,66,8,1.8,112.2222222,3.524242424,0.93,400,3,,,
1893,78,66,9,3.1,471.3333333,3.587878788,0.9,400,3,,,
1894,78,66,10,3.7,460.1111111,3.63030303,0.87,400,3,,,
1895,78,66,11,4,763.1111111,3.603030303,0.79,400,3,,,
1896,79,66,12,4.8,965.1111111,3.506060606,0.76,400,3,,,
1897,79,66,13,5.6,1043.666667,3.396969697,0.75,400,3,,,
1898,79,66,14,4.5,684.5555556,3.287878788,0.73,400,3,,,
1899,79,66,15,3.8,370.3333333,3.218181818,0.81,400,3,,,
1900,79,66,16,4.9,482.5555556,3.090909091,0.74,400,3,,,
1901,79,66,17,4.5,190.7777778,3.009090909,0.73,400,3,,,
1902,79,66,18,3.4,11.22222222,2.909090909,0.82,400,3,,,
1903,79,66,19,2.1,0,2.809090909,0.85,400,3,,,
1904,79,66,20,2,0,2.727272727,0.89,400,3,,,
1905,79,66,21,2.2,0,2.657575758,0.89,400,3,,,
1906,79,66,22,1.9,0,2.6,0.9,400,3,,,
1907,79,66,23,1.1,0,2.536363636,0.91,400,3,,,
1908,79,66,24,1.2,0,2.484848485,0.92,400,3.8,,,
1909,79,67,1,0.7,0,2.478787879,0.92,400,3.8,,,
1910,79,67,2,1.4,0,2.515151515,0.91,400,3.8,,,
1911,79,67,3,1.8,0,2.581818182,0.9,400,3.8,,,
1912,79,67,4,1.9,0,2.651515152,0.89,400,3.8,,,
1913,79,67,5,1.9,0,2.763636364,0.89,400,3.8,,,
1914,79,67,6,1.4,0,2.896969697,0.93,400,3.8,,,
1915,79,67,7,1.9,11.22222222,3.06969697,0.94,400,3.8,,,
1916,79,67,8,2.6,89.77777778,3.136363636,0.93,400,3.8,,,
1917,79,67,9,3.1,157.1111111,3.221212121,0.92,400,3.8,,,
1918,79,67,10,3.7,258.1111111,3.290909091,0.91,400,3.8,,,
1919,79,67,11,4.2,314.2222222,3.318181818,0.9,400,3.8,,,
1920,80,67,12,5.4,493.7777778,3.321212121,0.85,400,3.8,3.379166667,2850.444444,3.216792929
1921,80,67,13,6.2,505,3.318181818,0.78,400,3.8,,,
1922,80,67,14,7.4,538.6666667,3.272727273,0.74,400,3.8,,,
1923,80,67,15,3.9,460.1111111,3.203030303,0.8,400,3.8,,,
1924,80,67,16,4.2,168.3333333,3.154545455,0.91,400,3.8,,,
1925,80,67,17,4.1,224.4444444,3.109090909,0.87,400,3.8,,,
1926,80,67,18,4,44.88888889,3.018181818,0.88,400,3.8,,,
1927,80,67,19,3.8,0,2.93030303,0.84,400,3.8,,,
1928,80,67,20,3.9,0,2.878787879,0.8,400,3.8,,,
1929,80,67,21,3.3,0,2.875757576,0.81,400,3.8,,,
1930,80,67,22,3.3,0,2.893939394,0.78,400,3.8,,,
1931,80,67,23,2.9,0,2.909090909,0.81,400,3.8,,,
1932,80,67,24,2.3,0,2.933333333,0.85,400,4.1,,,
1933,80,68,1,1.9,0,2.984848485,0.91,400,4.1,,,
1934,80,68,2,1.6,0,3.042424242,0.93,400,4.1,,,
1935,80,68,3,1.7,0,3.109090909,0.95,400,4.1,,,
1936,80,68,4,2,0,3.139393939,0.96,400,4.1,,,
1937,80,68,5,2.6,0,3.184848485,0.97,400,4.1,,,
1938,80,68,6,2.7,0,3.251515152,0.97,400,4.1,,,
1939,80,68,7,2.7,0,3.36969697,0.97,400,4.1,,,
1940,80,68,8,2.8,44.88888889,3.542424242,0.95,400,4.1,,,
1941,80,68,9,3.1,78.55555556,3.727272727,0.94,400,4.1,,,
1942,80,68,10,2.9,101,3.927272727,0.93,400,4.1,,,
1943,80,68,11,2.4,190.7777778,4.106060606,0.94,400,4.1,,,
1944,81,68,12,3.3,168.3333333,4.248484848,0.93,400,4.1,,,
1945,81,68,13,4.1,202,4.372727273,0.94,400,4.1,,,
1946,81,68,14,5.8,280.5555556,4.460606061,0.94,400,4.1,,,
1947,81,68,15,7.1,190.7777778,4.521212121,0.94,400,4.1,,,
1948,81,68,16,8,258.1111111,4.521212121,0.91,400,4.1,,,
1949,81,68,17,9.2,145.8888889,4.615151515,0.86,400,4.1,,,
1950,81,68,18,9,11.22222222,4.690909091,0.79,400,4.1,,,
1951,81,68,19,8.4,0,4.754545455,0.73,400,4.1,,,
1952,81,68,20,8.3,0,4.806060606,0.73,400,4.1,,,
1953,81,68,21,8.3,0,4.854545455,0.75,400,4.1,,,
1954,81,68,22,8.2,0,4.896969697,0.78,400,4.1,,,
1955,81,68,23,7.4,0,4.957575758,0.86,400,4.1,,,
1956,81,68,24,7,0,5.021212121,0.89,400,1.1,,,
1957,81,69,1,6.7,0,5.109090909,0.87,400,1.1,,,
1958,81,69,2,6.2,0,5.224242424,0.87,400,1.1,,,
1959,81,69,3,5.7,0,5.351515152,0.88,400,1.1,,,
1960,81,69,4,5.4,0,5.503030303,0.91,400,1.1,,,
1961,81,69,5,5.3,0,5.718181818,0.91,400,1.1,,,
1962,81,69,6,5.3,0,5.912121212,0.92,400,1.1,,,
1963,81,69,7,5.4,0,6.096969697,0.94,400,1.1,,,
1964,81,69,8,5.8,89.77777778,6.26969697,0.95,400,1.1,,,
1965,81,69,9,6.1,190.7777778,6.43030303,0.94,400,1.1,,,
1966,81,69,10,6.1,168.3333333,6.578787879,0.93,400,1.1,,,
1967,81,69,11,6.6,246.8888889,6.709090909,0.9,400,1.1,,,
1968,82,69,12,8.8,774.3333333,6.842424242,0.85,400,1.1,,,
1969,82,69,13,8.4,448.8888889,6.987878788,0.81,400,1.1,,,
1970,82,69,14,8.7,303,7.096969697,0.8,400,1.1,,,
1971,82,69,15,8.4,190.7777778,7.181818182,0.82,400,1.1,,,
1972,82,69,16,8,67.33333333,7.206060606,0.88,400,1.1,,,
1973,82,69,17,7.7,44.88888889,7.181818182,0.92,400,1.1,,,
1974,82,69,18,7.4,11.22222222,7.127272727,0.92,400,1.1,,,
1975,82,69,19,7.3,0,7.033333333,0.93,400,1.1,,,
1976,82,69,20,7.2,0,6.936363636,0.94,400,1.1,,,
1977,82,69,21,6.9,0,6.857575758,0.95,400,1.1,,,
1978,82,69,22,6.9,0,6.784848485,0.95,400,1.1,,,
1979,82,69,23,6.6,0,6.706060606,0.96,400,1.1,,,
1980,82,69,24,6.3,0,6.639393939,0.97,400,1.2,,,
1981,82,70,1,6.2,0,6.609090909,0.97,400,1.2,,,
1982,82,70,2,6.1,0,6.603030303,0.98,400,1.2,,,
1983,82,70,3,5.8,0,6.609090909,0.98,400,1.2,,,
1984,82,70,4,5.8,0,6.645454545,0.98,400,1.2,,,
1985,82,70,5,5.9,0,6.709090909,0.98,400,1.2,,,
1986,82,70,6,5.7,0,6.818181818,0.99,400,1.2,,,
1987,82,70,7,6,0,6.945454545,0.99,400,1.2,,,
1988,82,70,8,6.4,89.77777778,7.081818182,0.99,400,1.2,,,
1989,82,70,9,6.8,101,7.218181818,0.99,400,1.2,,,
1990,82,70,10,6.9,157.1111111,7.303030303,0.99,400,1.2,,,
1991,82,70,11,7.4,246.8888889,7.348484848,0.98,400,1.2,,,
1992,83,70,12,7.8,325.4444444,7.372727273,0.96,400,1.2,,,
1993,83,70,13,9,594.7777778,7.372727273,0.89,400,1.2,,,
1994,83,70,14,9.5,628.4444444,7.296969697,0.81,400,1.2,,,
1995,83,70,15,9.8,392.7777778,7.236363636,0.78,400,1.2,,,
1996,83,70,16,9.9,303,7.160606061,0.75,400,1.2,,,
1997,83,70,17,8.6,179.5555556,7.081818182,0.82,400,1.2,,,
1998,83,70,18,7.6,22.44444444,6.993939394,0.78,400,1.2,,,
1999,83,70,19,6.9,0,6.884848485,0.84,400,1.2,,,
2000,83,70,20,6.6,0,6.778787879,0.86,400,1.2,,,
2001,83,70,21,6.3,0,6.684848485,0.85,400,1.2,,,
2002,83,70,22,6.4,0,6.587878788,0.83,400,1.2,,,
2003,83,70,23,6.2,0,6.493939394,0.82,400,1.2,,,
2004,83,70,24,5.8,0,6.418181818,0.83,400,3,,,
2005,83,71,1,5.1,0,6.433333333,0.86,400,3,,,
2006,83,71,2,4.1,0,6.496969697,0.87,400,3,,,
2007,83,71,3,3.9,0,6.615151515,0.9,400,3,,,
2008,83,71,4,4.2,0,6.803030303,0.91,400,3,,,
2009,83,71,5,4,0,7.036363636,0.9,400,3,,,
2010,83,71,6,3.8,0,7.306060606,0.91,400,3,,,
2011,83,71,7,4.4,33.66666667,7.596969697,0.9,400,3,,,
2012,83,71,8,7.1,291.7777778,7.909090909,0.82,400,3,,,
2013,83,71,9,8.4,572.3333333,8.178787879,0.79,400,3,,,
2014,83,71,10,10.1,628.4444444,8.390909091,0.76,400,3,,,
2015,83,71,11,12.3,1268.111111,8.545454545,0.71,400,3,,,
2016,84,71,12,13.5,1245.666667,8.657575758,0.69,400,3,,,
2017,84,71,13,14.7,1178.333333,8.757575758,0.69,400,3,,,
2018,84,71,14,15.5,1088.555556,8.839393939,0.63,400,3,,,
2019,84,71,15,16,864.1111111,8.890909091,0.66,400,3,,,
2020,84,71,16,14.9,617.2222222,8.918181818,0.69,400,3,,,
2021,84,71,17,13.4,269.3333333,8.912121212,0.73,400,3,,,
2022,84,71,18,11.9,44.88888889,8.866666667,0.8,400,3,,,
2023,84,71,19,10.6,0,8.83030303,0.86,400,3,,,
2024,84,71,20,10.7,0,8.812121212,0.87,400,3,,,
2025,84,71,21,10.5,0,8.803030303,0.87,400,3,,,
2026,84,71,22,10.7,0,8.784848485,0.84,400,3,,,
2027,84,71,23,10.4,0,8.757575758,0.85,400,3,,,
2028,84,71,24,9.6,0,8.754545455,0.86,400,2.1,,,
2029,84,72,1,8.4,0,8.83030303,0.9,400,2.1,,,
2030,84,72,2,7.4,0,8.993939394,0.92,400,2.1,,,
2031,84,72,3,7,0,9.284848485,0.93,400,2.1,,,
2032,84,72,4,6.6,0,9.627272727,0.94,400,2.1,,,
2033,84,72,5,6,0,10,0.95,400,2.1,,,
2034,84,72,6,5.4,0,10.38787879,0.96,400,2.1,,,
2035,84,72,7,6.3,44.88888889,10.80606061,0.97,400,2.1,,,
2036,84,72,8,8.7,258.1111111,11.23030303,0.96,400,2.1,,,
2037,84,72,9,11.2,505,11.61515152,0.87,400,2.1,,,
2038,84,72,10,14.7,830.4444444,11.8969697,0.73,400,2.1,,,
2039,84,72,11,15.4,886.5555556,12.09090909,0.61,400,2.1,,,
2040,85,72,12,16.2,841.6666667,12.20909091,0.61,400,2.1,12.87916667,6969,12.09835859
2041,85,72,13,17,987.5555556,12.25757576,0.61,400,2.1,,,
2042,85,72,14,17.8,1032.444444,12.25454545,0.6,400,2.1,,,
2043,85,72,15,17.8,796.7777778,12.21818182,0.6,400,2.1,,,
2044,85,72,16,17.1,460.1111111,12.13030303,0.62,400,2.1,,,
2045,85,72,17,16.4,224.4444444,12,0.64,400,2.1,,,
2046,85,72,18,14.8,33.66666667,11.88484848,0.69,400,2.1,,,
2047,85,72,19,14,0,11.8,0.73,400,2.1,,,
2048,85,72,20,13.9,0,11.73636364,0.74,400,2.1,,,
2049,85,72,21,13.4,0,11.70606061,0.74,400,2.1,,,
2050,85,72,22,13.5,0,11.65454545,0.74,400,2.1,,,
2051,85,72,23,12.6,0,11.59090909,0.79,400,2.1,,,
2052,85,72,24,11.7,0,11.52727273,0.76,400,1.8,,,
2053,85,73,1,11.1,0,11.50606061,0.78,400,1.8,,,
2054,85,73,2,10.6,0,11.53939394,0.79,400,1.8,,,
2055,85,73,3,9.8,0,11.65454545,0.81,400,1.8,,,
2056,85,73,4,9.6,0,11.83030303,0.82,400,1.8,,,
2057,85,73,5,9,0,12.06060606,0.82,400,1.8,,,
2058,85,73,6,8.4,0,12.28181818,0.83,400,1.8,,,
2059,85,73,7,8.6,44.88888889,12.51818182,0.86,400,1.8,,,
2060,85,73,8,9.7,336.6666667,12.77878788,0.83,400,1.8,,,
2061,85,73,9,10.7,359.1111111,12.98484848,0.84,400,1.8,,,
2062,85,73,10,12.2,864.1111111,13.10606061,0.74,400,1.8,,,
2063,85,73,11,13.2,987.5555556,13.13030303,0.7,400,1.8,,,
2064,86,73,12,14.6,1155.888889,13.02727273,0.72,400,1.8,,,
2065,86,73,13,13.9,1189.555556,12.88484848,0.65,400,1.8,,,
2066,86,73,14,13.8,976.3333333,12.7030303,0.69,400,1.8,,,
2067,86,73,15,14,572.3333333,12.49090909,0.74,400,1.8,,,
2068,86,73,16,13.1,314.2222222,12.24848485,0.78,400,1.8,,,
2069,86,73,17,12.7,134.6666667,11.98787879,0.8,400,1.8,,,
2070,86,73,18,12,22.44444444,11.73636364,0.8,400,1.8,,,
2071,86,73,19,11.3,0,11.51212121,0.83,400,1.8,,,
2072,86,73,20,10.7,0,11.31818182,0.83,400,1.8,,,
2073,86,73,21,10.2,0,11.11515152,0.82,400,1.8,,,
2074,86,73,22,10,0,10.91515152,0.76,400,1.8,,,
2075,86,73,23,9.8,0,10.7,0.71,400,1.8,,,
2076,86,73,24,9.2,0,10.49090909,0.71,400,1.8,,,
2077,86,74,1,8.8,0,10.36666667,0.72,400,1.8,,,
2078,86,74,2,9,0,10.31515152,0.71,400,1.8,,,
2079,86,74,3,8.4,0,10.35454545,0.74,400,1.8,,,
2080,86,74,4,7.3,0,10.42121212,0.78,400,1.8,,,
2081,86,74,5,7.3,0,10.54242424,0.8,400,1.8,,,
2082,86,74,6,6.3,0,10.69393939,0.85,400,1.8,,,
2083,86,74,7,6.6,44.88888889,10.86060606,0.84,400,1.8,,,
2084,86,74,8,8.5,235.6666667,11.05757576,0.81,400,1.8,,,
2085,86,74,9,10,460.1111111,11.22727273,0.74,400,1.8,,,
2086,86,74,10,12.4,998.7777778,11.32727273,0.64,400,1.8,,,
2087,86,74,11,12.8,1212,11.31212121,0.57,400,1.8,,,
2088,87,74,12,13.8,1346.666667,11.21818182,0.53,400,1.8,,,
2089,87,74,13,14.6,1346.666667,11.07272727,0.53,400,1.8,,,
2090,87,74,14,14.5,1234.444444,10.85454545,0.52,400,1.8,,,
2091,87,74,15,14.9,987.5555556,10.63030303,0.54,400,1.8,,,
2092,87,74,16,14.2,718.2222222,10.3969697,0.52,400,1.8,,,
2093,87,74,17,13,381.5555556,10.13030303,0.59,400,1.8,,,
2094,87,74,18,10.2,56.11111111,9.884848485,0.7,400,1.8,,,
2095,87,74,19,9.1,0,9.639393939,0.75,400,1.8,,,
2096,87,74,20,8.4,0,9.396969697,0.75,400,1.8,,,
2097,87,74,21,7.4,0,9.160606061,0.81,400,1.8,,,
2098,87,74,22,6.5,0,8.921212121,0.83,400,1.8,,,
2099,87,74,23,6.1,0,8.742424242,0.83,400,1.8,,,
2100,87,74,24,5.2,0,8.575757576,0.84,400,1.5,,,
2101,87,75,1,5,0,8.466666667,0.84,400,1.5,,,
2102,87,75,2,4.6,0,8.445454545,0.86,400,1.5,,,
2103,87,75,3,4,0,8.487878788,0.87,400,1.5,,,
2104,87,75,4,3.5,0,8.584848485,0.9,400,1.5,,,
2105,87,75,5,2.8,0,8.727272727,0.89,400,1.5,,,
2106,87,75,6,4.3,0,8.933333333,0.86,400,1.5,,,
2107,87,75,7,4.5,67.33333333,9.16969697,0.83,400,1.5,,,
2108,87,75,8,6.2,347.8888889,9.427272727,0.78,400,1.5,,,
2109,87,75,9,8.5,673.3333333,9.645454545,0.71,400,1.5,,,
2110,87,75,10,10.2,1010,9.766666667,0.68,400,1.5,,,
2111,87,75,11,12.2,1212,9.772727273,0.64,400,1.5,,,
2112,88,75,12,13.1,1313,9.657575758,0.63,400,1.5,,,
2113,88,75,13,14.1,1324.222222,9.518181818,0.59,400,1.5,,,
2114,88,75,14,15.1,1200.777778,9.336363636,0.57,400,1.5,,,
2115,88,75,15,14.8,965.1111111,9.136363636,0.56,400,1.5,,,
2116,88,75,16,13.8,662.1111111,8.881818182,0.55,400,1.5,,,
2117,88,75,17,12.5,325.4444444,8.603030303,0.62,400,1.5,,,
2118,88,75,18,10.2,56.11111111,8.324242424,0.74,400,1.5,,,
2119,88,75,19,8.6,0,8.057575758,0.82,400,1.5,,,
2120,88,75,20,8.2,0,7.875757576,0.83,400,1.5,,,
2121,88,75,21,7.8,0,7.690909091,0.85,400,1.5,,,
2122,88,75,22,8,0,7.542424242,0.83,400,1.5,,,
2123,88,75,23,6.1,0,7.403030303,0.85,400,1.5,,,
2124,88,75,24,5.7,0,7.293939394,0.89,400,1.5,,,
2125,88,76,1,5,0,7.296969697,0.9,400,1.5,,,
2126,88,76,2,4.2,0,7.393939394,0.92,400,1.5,,,
2127,88,76,3,4.2,0,7.527272727,0.93,400,1.5,,,
2128,88,76,4,3,0,7.727272727,0.94,400,1.5,,,
2129,88,76,5,3.5,0,8,0.95,400,1.5,,,
2130,88,76,6,2.8,0,8.318181818,0.95,400,1.5,,,
2131,88,76,7,2.9,78.55555556,8.657575758,0.95,400,1.5,,,
2132,88,76,8,6.2,336.6666667,8.957575758,0.92,400,1.5,,,
2133,88,76,9,8.4,628.4444444,9.242424242,0.83,400,1.5,,,
2134,88,76,10,9.4,909,9.43030303,0.75,400,1.5,,,
2135,88,76,11,11.2,1144.666667,9.496969697,0.67,400,1.5,,,
2136,89,76,12,13,1290.555556,9.451515152,0.6,400,1.5,,,
2137,89,76,13,14,1290.555556,9.348484848,0.55,400,1.5,,,
2138,89,76,14,14,1178.333333,9.178787879,0.49,400,1.5,,,
2139,89,76,15,14.2,965.1111111,8.951515152,0.52,400,1.5,,,
2140,89,76,16,13.9,673.3333333,8.66969697,0.5,400,1.5,,,
2141,89,76,17,12.4,325.4444444,8.406060606,0.61,400,1.5,,,
2142,89,76,18,10.7,67.33333333,8.166666667,0.64,400,1.5,,,
2143,89,76,19,8.7,0,7.960606061,0.71,400,1.5,,,
2144,89,76,20,8.8,0,7.784848485,0.69,400,1.5,,,
2145,89,76,21,7.5,0,7.636363636,0.74,400,1.5,,,
2146,89,76,22,6.6,0,7.521212121,0.79,400,1.5,,,
2147,89,76,23,5.8,0,7.412121212,0.82,400,1.5,,,
2148,89,76,24,6.1,0,7.312121212,0.82,400,1.7,,,
2149,89,77,1,5.9,0,7.384848485,0.78,400,1.7,,,
2150,89,77,2,5.7,0,7.466666667,0.76,400,1.7,,,
2151,89,77,3,4.4,0,7.633333333,0.82,400,1.7,,,
2152,89,77,4,3.7,0,7.866666667,0.87,400,1.7,,,
2153,89,77,5,4.4,0,8.145454545,0.82,400,1.7,,,
2154,89,77,6,4.2,0,8.472727273,0.85,400,1.7,,,
2155,89,77,7,4.7,56.11111111,8.790909091,0.85,400,1.7,,,
2156,89,77,8,8.5,314.2222222,9.145454545,0.76,400,1.7,,,
2157,89,77,9,8.4,527.4444444,9.475757576,0.71,400,1.7,,,
2158,89,77,10,10.5,875.3333333,9.666666667,0.63,400,1.7,,,
2159,89,77,11,11.9,1144.666667,9.733333333,0.55,400,1.7,,,
2160,90,77,12,13.4,1256.888889,9.718181818,0.51,400,1.7,,,
2161,90,77,13,13.8,1279.333333,9.651515152,0.45,400,1.7,,,
2162,90,77,14,14,1178.333333,9.524242424,0.47,400,1.7,,,
2163,90,77,15,14.5,808,9.345454545,0.49,400,1.7,,,
2164,90,77,16,13.8,695.7777778,9.145454545,0.5,400,1.7,,,
2165,90,77,17,12.5,336.6666667,8.939393939,0.53,400,1.7,,,
2166,90,77,18,10.6,67.33333333,8.675757576,0.6,400,1.7,,,
2167,90,77,19,8.9,0,8.436363636,0.68,400,1.7,,,
2168,90,77,20,9,0,8.251515152,0.63,400,1.7,,,
2169,90,77,21,8.8,0,8.106060606,0.67,400,1.7,,,
2170,90,77,22,8.1,0,7.954545455,0.69,400,1.7,,,
2171,90,77,23,7.4,0,7.796969697,0.7,400,1.7,,,
2172,90,77,24,7.4,0,7.693939394,0.71,400,2.2,,,
2173,90,78,1,5.2,0,7.733333333,0.79,400,2.2,,,
2174,90,78,2,4.5,0,7.76969697,0.83,400,2.2,,,
2175,90,78,3,4.6,0,7.83030303,0.86,400,2.2,,,
2176,90,78,4,3.9,0,7.972727273,0.89,400,2.2,,,
2177,90,78,5,3.8,0,8.218181818,0.89,400,2.2,,,
2178,90,78,6,2.3,0,8.536363636,0.91,400,2.2,,,
2179,90,78,7,3.2,67.33333333,8.83030303,0.93,400,2.2,,,
2180,90,78,8,7.1,381.5555556,9.136363636,0.92,400,2.2,,,
2181,90,78,9,7.3,415.2222222,9.390909091,0.87,400,2.2,,,
2182,90,78,10,7.9,291.7777778,9.496969697,0.86,400,2.2,,,
2183,90,78,11,10.4,516.2222222,9.53030303,0.77,400,2.2,,,
2184,91,78,12,12.5,695.7777778,9.487878788,0.64,400,2.2,,,
2185,91,78,13,14.2,1032.444444,9.378787879,0.64,400,2.2,,,
2186,91,78,14,14.1,729.4444444,9.203030303,0.63,400,2.2,,,
2187,91,78,15,14.3,572.3333333,8.972727273,0.65,400,2.2,,,
2188,91,78,16,13.1,157.1111111,8.693939394,0.72,400,2.2,,,
2189,91,78,17,12,22.44444444,8.406060606,0.84,400,2.2,,,
2190,91,78,18,9.5,0,8.13030303,0.89,400,2.2,,,
2191,91,78,19,9.1,0,7.884848485,0.89,400,2.2,,,
2192,91,78,20,8.3,0,7.684848485,0.9,400,2.2,,,
2193,91,78,21,7.6,0,7.527272727,0.8,400,2.2,,,
2194,91,78,22,6.2,0,7.372727273,0.81,400,2.2,,,
2195,91,78,23,4.8,0,7.196969697,0.83,400,2.2,,,
2196,91,78,24,5,0,7.06969697,0.84,400,2.8,,,
2197,91,79,1,4.7,0,7.027272727,0.84,400,2.8,,,
2198,91,79,2,4.4,0,7.024242424,0.83,400,2.8,,,
2199,91,79,3,4,0,7.139393939,0.82,400,2.8,,,
2200,91,79,4,3.7,0,7.281818182,0.86,400,2.8,,,
2201,91,79,5,3.9,0,7.427272727,0.85,400,2.8,,,
2202,91,79,6,3,0,7.621212121,0.88,400,2.8,,,
2203,91,79,7,3.9,67.33333333,7.793939394,0.9,400,2.8,,,
2204,91,79,8,6,291.7777778,8.033333333,0.89,400,2.8,,,
2205,91,79,9,7.3,695.7777778,8.236363636,0.78,400,2.8,,,
2206,91,79,10,9,920.2222222,8.3,0.67,400,2.8,,,
2207,91,79,11,9.2,1010,8.312121212,0.57,400,2.8,,,
2208,92,79,12,9.4,886.5555556,8.263636364,0.58,400,2.8,,,
2209,92,79,13,10.3,1122.222222,8.157575758,0.53,400,2.8,,,
2210,92,79,14,9.5,751.8888889,7.981818182,0.54,400,2.8,,,
2211,92,79,15,10.2,875.3333333,7.742424242,0.53,400,2.8,,,
2212,92,79,16,9.9,460.1111111,7.451515152,0.52,400,2.8,,,
2213,92,79,17,9.2,404,7.145454545,0.54,400,2.8,,,
2214,92,79,18,7.7,56.11111111,6.86969697,0.62,400,2.8,,,
2215,92,79,19,6.3,0,6.603030303,0.68,400,2.8,,,
2216,92,79,20,6.9,0,6.396969697,0.7,400,2.8,,,
2217,92,79,21,6.7,0,6.187878788,0.71,400,2.8,,,
2218,92,79,22,6.3,0,5.993939394,0.75,400,2.8,,,
2219,92,79,23,4.5,0,5.796969697,0.82,400,2.8,,,
2220,92,79,24,4.2,0,5.651515152,0.86,400,1,,,
2221,92,80,1,4,0,5.654545455,0.86,400,1,,,
2222,92,80,2,3.2,0,5.672727273,0.88,400,1,,,
2223,92,80,3,2.7,0,5.784848485,0.9,400,1,,,
2224,92,80,4,2.2,0,5.936363636,0.91,400,1,,,
2225,92,80,5,1.9,0,6.1,0.92,400,1,,,
2226,92,80,6,1.1,0,6.293939394,0.93,400,1,,,
2227,92,80,7,1.4,44.88888889,6.490909091,0.94,400,1,,,
2228,92,80,8,4.9,314.2222222,6.715151515,0.95,400,1,,,
2229,92,80,9,5.6,505,6.918181818,0.91,400,1,,,
2230,92,80,10,8.4,796.7777778,7.045454545,0.8,400,1,,,
2231,92,80,11,9.4,1155.888889,7.112121212,0.55,400,1,,,
2232,93,80,12,9.4,426.4444444,7.109090909,0.58,400,1,,,
2233,93,80,13,10.1,561.1111111,7.084848485,0.56,400,1,,,
2234,93,80,14,10.4,650.8888889,7.042424242,0.55,400,1,,,
2235,93,80,15,10.4,516.2222222,6.954545455,0.52,400,1,,,
2236,93,80,16,10.6,347.8888889,6.884848485,0.52,400,1,,,
2237,93,80,17,10.2,213.2222222,6.784848485,0.56,400,1,,,
2238,93,80,18,9.5,56.11111111,6.681818182,0.55,400,1,,,
2239,93,80,19,8.9,0,6.606060606,0.59,400,1,,,
2240,93,80,20,8.4,0,6.524242424,0.62,400,1,,,
2241,93,80,21,8,0,6.487878788,0.68,400,1,,,
2242,93,80,22,7.4,0,6.406060606,0.73,400,1,,,
2243,93,80,23,7.2,0,6.360606061,0.74,400,1,,,
2244,93,80,24,6.9,0,6.354545455,0.8,400,4.3,,,
2245,93,81,1,6.5,0,6.412121212,0.82,400,4.3,,,
2246,93,81,2,6.7,0,6.5,0.83,400,4.3,,,
2247,93,81,3,5,0,6.606060606,0.86,400,4.3,,,
2248,93,81,4,5.1,0,6.742424242,0.89,400,4.3,,,
2249,93,81,5,4.2,0,6.896969697,0.9,400,4.3,,,
2250,93,81,6,5.2,0,7.027272727,0.89,400,4.3,,,
2251,93,81,7,6.1,33.66666667,7.166666667,0.86,400,4.3,,,
2252,93,81,8,6.4,78.55555556,7.336363636,0.8,400,4.3,,,
2253,93,81,9,7.1,168.3333333,7.496969697,0.73,400,4.3,,,
2254,93,81,10,7.5,213.2222222,7.572727273,0.72,400,4.3,,,
2255,93,81,11,7.7,258.1111111,7.618181818,0.73,400,4.3,,,
2256,94,81,12,7.8,235.6666667,7.554545455,0.72,400,4.3,,,
2257,94,81,13,6.5,101,7.481818182,0.81,400,4.3,,,
2258,94,81,14,6.5,101,7.403030303,0.87,400,4.3,,,
2259,94,81,15,6.7,101,7.296969697,0.9,400,4.3,,,
2260,94,81,16,6.7,101,7.196969697,0.91,400,4.3,,,
2261,94,81,17,7.4,78.55555556,7.090909091,0.89,400,4.3,,,
2262,94,81,18,7.1,112.2222222,6.963636364,0.89,400,4.3,,,
2263,94,81,19,6.3,0,6.833333333,0.91,400,4.3,,,
2264,94,81,20,7,0,6.693939394,0.84,400,4.3,,,
2265,94,81,21,6.8,0,6.590909091,0.84,400,4.3,,,
2266,94,81,22,6.6,0,6.509090909,0.9,400,4.3,,,
2267,94,81,23,7.1,0,6.445454545,0.88,400,4.3,,,
2268,94,81,24,6.9,0,6.396969697,0.87,400,3.6,,,
2269,94,82,1,6.4,0,6.381818182,0.83,400,3.6,,,
2270,94,82,2,5.9,0,6.384848485,0.85,400,3.6,,,
2271,94,82,3,4.9,0,6.409090909,0.86,400,3.6,,,
2272,94,82,4,5.5,0,6.412121212,0.88,400,3.6,,,
2273,94,82,5,5.7,0,6.490909091,0.88,400,3.6,,,
2274,94,82,6,5.9,0,6.593939394,0.88,400,3.6,,,
2275,94,82,7,5.8,11.22222222,6.712121212,0.89,400,3.6,,,
2276,94,82,8,6.7,213.2222222,6.793939394,0.87,400,3.6,,,
2277,94,82,9,7,314.2222222,6.83030303,0.81,400,3.6,,,
2278,94,82,10,7.3,370.3333333,6.851515152,0.83,400,3.6,,,
2279,94,82,11,6.8,482.5555556,6.824242424,0.76,400,3.6,,,
2280,95,82,12,7.6,695.7777778,6.742424242,0.74,400,3.6,,,
2281,95,82,13,8.5,953.8888889,6.63030303,0.65,400,3.6,,,
2282,95,82,14,8.1,1077.333333,6.512121212,0.69,400,3.6,,,
2283,95,82,15,7.9,538.6666667,6.436363636,0.6,400,3.6,,,
2284,95,82,16,7.3,314.2222222,6.366666667,0.61,400,3.6,,,
2285,95,82,17,7.1,246.8888889,6.315151515,0.6,400,3.6,,,
2286,95,82,18,6.2,56.11111111,6.257575758,0.63,400,3.6,,,
2287,95,82,19,4.8,0,6.193939394,0.65,400,3.6,,,
2288,95,82,20,4,0,6.139393939,0.71,400,3.6,,,
2289,95,82,21,3.9,0,6.118181818,0.73,400,3.6,,,
2290,95,82,22,4,0,6.084848485,0.75,400,3.6,,,
2291,95,82,23,4.2,0,6.06969697,0.78,400,3.6,,,
2292,95,82,24,5,0,6.084848485,0.81,400,3.1,,,
2293,95,83,1,4.8,0,6.103030303,0.86,400,3.1,,,
2294,95,83,2,5.3,0,6.148484848,0.88,400,3.1,,,
2295,95,83,3,5.3,0,6.233333333,0.9,400,3.1,,,
2296,95,83,4,5.6,0,6.345454545,0.93,400,3.1,,,
2297,95,83,5,5.9,0,6.466666667,0.95,400,3.1,,,
2298,95,83,6,6.3,0,6.578787879,0.96,400,3.1,,,
2299,95,83,7,7.1,22.44444444,6.721212121,0.96,400,3.1,,,
2300,95,83,8,7.7,67.33333333,6.857575758,0.96,400,3.1,,,
2301,95,83,9,8.4,123.4444444,6.984848485,0.95,400,3.1,,,
2302,95,83,10,9.2,246.8888889,7.090909091,0.92,400,3.1,,,
2303,95,83,11,9.6,291.7777778,7.178787879,0.88,400,3.1,,,
2304,96,83,12,8.9,224.4444444,7.245454545,0.92,400,3.1,,,
2305,96,83,13,9.2,258.1111111,7.33030303,0.94,400,3.1,,,
2306,96,83,14,10.4,493.7777778,7.381818182,0.88,400,3.1,,,
2307,96,83,15,10.4,269.3333333,7.393939394,0.87,400,3.1,,,
2308,96,83,16,10,202,7.415151515,0.9,400,3.1,,,
2309,96,83,17,10.2,123.4444444,7.436363636,0.88,400,3.1,,,
2310,96,83,18,9.9,44.88888889,7.463636364,0.86,400,3.1,,,
2311,96,83,19,9.5,0,7.496969697,0.88,400,3.1,,,
2312,96,83,20,9.6,0,7.563636364,0.88,400,3.1,,,
2313,96,83,21,9.3,0,7.663636364,0.87,400,3.1,,,
2314,96,83,22,8.9,0,7.784848485,0.88,400,3.1,,,
2315,96,83,23,8.8,0,7.903030303,0.89,400,3.1,,,
2316,96,83,24,8.6,0,8.036363636,0.88,400,2,,,
2317,96,84,1,8.2,0,8.227272727,0.88,400,2,,,
2318,96,84,2,8.2,0,8.381818182,0.91,400,2,,,
2319,96,84,3,8.4,0,8.584848485,0.9,400,2,,,
2320,96,84,4,8.1,0,8.803030303,0.89,400,2,,,
2321,96,84,5,8,0,9.048484848,0.88,400,2,,,
2322,96,84,6,7.8,0,9.303030303,0.87,400,2,,,
2323,96,84,7,8.4,67.33333333,9.572727273,0.84,400,2,,,
2324,96,84,8,10.5,437.6666667,9.83030303,0.7,400,2,,,
2325,96,84,9,10.1,650.8888889,10.07575758,0.68,400,2,,,
2326,96,84,10,11.5,909,10.27272727,0.64,400,2,,,
2327,96,84,11,12.5,1212,10.38787879,0.59,400,2,,,
2328,97,84,12,13.4,1458.888889,10.41515152,0.61,400,2,,,
2329,97,84,13,14,1447.666667,10.41212121,0.57,400,2,,,
2330,97,84,14,14.8,1335.444444,10.43030303,0.62,400,2,,,
2331,97,84,15,14.8,1111,10.43030303,0.57,400,2,,,
2332,97,84,16,15.2,819.2222222,10.33939394,0.59,400,2,,,
2333,97,84,17,14.2,460.1111111,10.21212121,0.6,400,2,,,
2334,97,84,18,12.2,112.2222222,10.10606061,0.68,400,2,,,
2335,97,84,19,10.1,0,9.987878788,0.78,400,2,,,
2336,97,84,20,9.5,0,9.96969697,0.83,400,2,,,
2337,97,84,21,9.5,0,9.966666667,0.85,400,2,,,
2338,97,84,22,9.2,0,9.936363636,0.85,400,2,,,
2339,97,84,23,7.4,0,9.921212121,0.85,400,2,,,
2340,97,84,24,6.2,0,9.933333333,0.9,400,3.5,,,
2341,97,85,1,6.5,0,9.960606061,0.92,400,3.5,,,
2342,97,85,2,6.3,0,10,0.92,400,3.5,,,
2343,97,85,3,9.3,0,10.06363636,0.81,400,3.5,,,
2344,97,85,4,9.4,0,10.17272727,0.73,400,3.5,,,
2345,97,85,5,8.6,0,10.29090909,0.73,400,3.5,,,
2346,97,85,6,8.8,11.22222222,10.42424242,0.74,400,3.5,,,
2347,97,85,7,9.3,44.88888889,10.55454545,0.73,400,3.5,,,
2348,97,85,8,9.7,134.6666667,10.68787879,0.71,400,3.5,,,
2349,97,85,9,9.9,202,10.76969697,0.8,400,3.5,,,
2350,97,85,10,10.3,213.2222222,10.76363636,0.79,400,3.5,,,
2351,97,85,11,11.8,583.5555556,10.76060606,0.74,400,3.5,,,
2352,98,85,12,12.3,471.3333333,10.70909091,0.73,400,3.5,,,
2353,98,85,13,12.5,437.6666667,10.62424242,0.75,400,3.5,,,
2354,98,85,14,12.3,347.8888889,10.50606061,0.75,400,3.5,,,
2355,98,85,15,12.2,134.6666667,10.36363636,0.76,400,3.5,,,
2356,98,85,16,11.1,44.88888889,10.1969697,0.84,400,3.5,,,
2357,98,85,17,10.3,33.66666667,10.02727273,0.92,400,3.5,,,
2358,98,85,18,10,22.44444444,9.83030303,0.94,400,3.5,,,
2359,98,85,19,9.8,0,9.657575758,0.95,400,3.5,,,
2360,98,85,20,9.7,0,9.545454545,0.96,400,3.5,,,
2361,98,85,21,9.5,0,9.46969697,0.97,400,3.5,,,
2362,98,85,22,9.3,0,9.406060606,0.97,400,3.5,,,
2363,98,85,23,9.3,0,9.336363636,0.97,400,3.5,,,
2364,98,85,24,9.2,0,9.290909091,0.97,400,2.4,,,
2365,98,86,1,8.7,0,9.309090909,0.97,400,2.4,,,
2366,98,86,2,8.5,0,9.372727273,0.97,400,2.4,,,
2367,98,86,3,8.5,0,9.436363636,0.97,400,2.4,,,
2368,98,86,4,7.6,0,9.475757576,0.94,400,2.4,,,
2369,98,86,5,7.4,0,9.463636364,0.95,400,2.4,,,
2370,98,86,6,7.2,0,9.457575758,0.95,400,2.4,,,
2371,98,86,7,7.7,78.55555556,9.493939394,0.95,400,2.4,,,
2372,98,86,8,8,157.1111111,9.506060606,0.95,400,2.4,,,
2373,98,86,9,8.3,202,9.524242424,0.95,400,2.4,,,
2374,98,86,10,8.6,303,9.509090909,0.93,400,2.4,,,
2375,98,86,11,7.6,202,9.424242424,0.94,400,2.4,,,
2376,99,86,12,8.9,628.4444444,9.281818182,0.83,400,2.4,,,
2377,99,86,13,9.2,785.5555556,9.118181818,0.77,400,2.4,,,
2378,99,86,14,9.8,729.4444444,8.909090909,0.73,400,2.4,,,
2379,99,86,15,9.2,415.2222222,8.66969697,0.75,400,2.4,,,
2380,99,86,16,9.9,561.1111111,8.390909091,0.67,400,2.4,,,
2381,99,86,17,9.2,404,8.109090909,0.66,400,2.4,,,
2382,99,86,18,7.1,134.6666667,7.857575758,0.72,400,2.4,,,
2383,99,86,19,5.6,0,7.609090909,0.77,400,2.4,,,
2384,99,86,20,6.4,0,7.363636364,0.76,400,2.4,,,
2385,99,86,21,5.4,0,7.090909091,0.8,400,2.4,,,
2386,99,86,22,4.6,0,6.827272727,0.86,400,2.4,,,
2387,99,86,23,3.1,0,6.572727273,0.9,400,2.4,,,
2388,99,86,24,2.9,0,6.363636364,0.91,400,1.4,,,
2389,99,87,1,2.8,0,6.257575758,0.93,400,1.4,,,
2390,99,87,2,2.1,0,6.224242424,0.93,400,1.4,,,
2391,99,87,3,1.9,0,6.227272727,0.94,400,1.4,,,
2392,99,87,4,0.8,0,6.272727273,0.95,400,1.4,,,
2393,99,87,5,1,0,6.342424242,0.96,400,1.4,,,
2394,99,87,6,1.1,11.22222222,6.418181818,0.97,400,1.4,,,
2395,99,87,7,2.4,134.6666667,6.527272727,0.97,400,1.4,,,
2396,99,87,8,5.8,516.2222222,6.66969697,0.93,400,1.4,,,
2397,99,87,9,8.1,830.4444444,6.748484848,0.7,400,1.4,,,
2398,99,87,10,8.8,1043.666667,6.818181818,0.62,400,1.4,,,
2399,99,87,11,10,1357.888889,6.839393939,0.61,400,1.4,,,
2400,100,87,12,10.8,1402.777778,6.818181818,0.57,400,1.4,,,
2401,100,87,13,10.1,639.6666667,6.818181818,0.6,400,1.4,,,
2402,100,87,14,11,751.8888889,6.754545455,0.53,400,1.4,,,
2403,100,87,15,11.9,965.1111111,6.63030303,0.5,400,1.4,,,
2404,100,87,16,10.3,505,6.460606061,0.58,400,1.4,,,
2405,100,87,17,10.3,370.3333333,6.327272727,0.62,400,1.4,,,
2406,100,87,18,9,157.1111111,6.154545455,0.63,400,1.4,,,
2407,100,87,19,7.9,0,6,0.64,400,1.4,,,
2408,100,87,20,7.6,0,5.836363636,0.61,400,1.4,,,
2409,100,87,21,6.8,0,5.718181818,0.63,400,1.4,,,
2410,100,87,22,5.1,0,5.56969697,0.73,400,1.4,,,
2411,100,87,23,4.2,0,5.433333333,0.75,400,1.4,,,
2412,100,87,24,4.8,0,5.351515152,0.78,400,1.7,,,
2413,100,88,1,4.2,0,5.409090909,0.82,400,1.7,,,
2414,100,88,2,4.1,0,5.566666667,0.85,400,1.7,,,
2415,100,88,3,1.7,0,5.787878788,0.87,400,1.7,,,
2416,100,88,4,1.7,0,6.063636364,0.92,400,1.7,,,
2417,100,88,5,1.5,0,6.372727273,0.93,400,1.7,,,
2418,100,88,6,0.9,11.22222222,6.742424242,0.94,400,1.7,,,
2419,100,88,7,1.9,202,7.090909091,0.95,400,1.7,,,
2420,100,88,8,5,516.2222222,7.43030303,0.92,400,1.7,,,
2421,100,88,9,8.1,886.5555556,7.757575758,0.73,400,1.7,,,
2422,100,88,10,10.1,1167.111111,7.954545455,0.6,400,1.7,,,
2423,100,88,11,11.2,1391.555556,8.033333333,0.55,400,1.7,,,
2424,101,88,12,12.1,1526.222222,8.075757576,0.54,400,1.7,,,
2425,101,88,13,13,1548.666667,8.042424242,0.48,400,1.7,,,
2426,101,88,14,12.5,897.7777778,7.875757576,0.5,400,1.7,,,
2427,101,88,15,12.3,976.3333333,7.760606061,0.49,400,1.7,,,
2428,101,88,16,13.2,684.5555556,7.636363636,0.49,400,1.7,,,
2429,101,88,17,12.3,460.1111111,7.439393939,0.49,400,1.7,,,
2430,101,88,18,10.7,134.6666667,7.275757576,0.55,400,1.7,,,
2431,101,88,19,10.2,11.22222222,7.13030303,0.57,400,1.7,,,
2432,101,88,20,8.9,0,6.993939394,0.56,400,1.7,,,
2433,101,88,21,5.3,0,6.884848485,0.75,400,1.7,,,
2434,101,88,22,6.3,0,6.778787879,0.62,400,1.7,,,
2435,101,88,23,6.9,0,6.693939394,0.58,400,1.7,,,
2436,101,88,24,5.4,0,6.73030303,0.63,400,2.5,,,
2437,101,89,1,4.9,0,6.887878788,0.65,400,2.5,,,
2438,101,89,2,5.5,0,7.093939394,0.62,400,2.5,,,
2439,101,89,3,4.5,0,7.357575758,0.63,400,2.5,,,
2440,101,89,4,4.3,0,7.648484848,0.69,400,2.5,,,
2441,101,89,5,4.1,0,8.027272727,0.73,400,2.5,,,
2442,101,89,6,4,11.22222222,8.442424242,0.74,400,2.5,,,
2443,101,89,7,6.3,213.2222222,8.836363636,0.75,400,2.5,,,
2444,101,89,8,9.4,527.4444444,9.242424242,0.73,400,2.5,,,
2445,101,89,9,11.6,886.5555556,9.593939394,0.69,400,2.5,,,
2446,101,89,10,12.9,1223.222222,9.839393939,0.64,400,2.5,,,
2447,101,89,11,13.7,1436.444444,9.975757576,0.57,400,2.5,,,
2448,102,89,12,14.2,1526.222222,10.03939394,0.52,400,2.5,,,
2449,102,89,13,15.4,1537.444444,10.05757576,0.55,400,2.5,,,
2450,102,89,14,14.5,1245.666667,10.03939394,0.58,400,2.5,,,
2451,102,89,15,14.3,527.4444444,9.984848485,0.61,400,2.5,,,
2452,102,89,16,13.5,246.8888889,9.945454545,0.63,400,2.5,,,
2453,102,89,17,13.1,179.5555556,9.903030303,0.67,400,2.5,,,
2454,102,89,18,12.6,44.88888889,9.818181818,0.72,400,2.5,,,
2455,102,89,19,12.2,0,9.736363636,0.77,400,2.5,,,
2456,102,89,20,11.8,0,9.706060606,0.83,400,2.5,,,
2457,102,89,21,11.5,0,9.690909091,0.85,400,2.5,,,
2458,102,89,22,11.2,0,9.712121212,0.87,400,2.5,,,
2459,102,89,23,11.2,0,9.851515152,0.88,400,2.5,,,
2460,102,89,24,10.9,0,9.96969697,0.88,400,2.2,,,
2461,102,90,1,10.4,0,10.07575758,0.89,400,2.2,,,
2462,102,90,2,9.6,0,10.23333333,0.92,400,2.2,,,
2463,102,90,3,9.7,0,10.42424242,0.93,400,2.2,,,
2464,102,90,4,9.7,0,10.63030303,0.94,400,2.2,,,
2465,102,90,5,9.6,0,10.87575758,0.95,400,2.2,,,
2466,102,90,6,9.9,0,11.16060606,0.95,400,2.2,,,
2467,102,90,7,10.2,78.55555556,11.46969697,0.93,400,2.2,,,
2468,102,90,8,10.4,145.8888889,11.79393939,0.94,400,2.2,,,
2469,102,90,9,10.6,258.1111111,12.04242424,0.95,400,2.2,,,
2470,102,90,10,11.2,303,12.19393939,0.95,400,2.2,,,
2471,102,90,11,12.3,538.6666667,12.24848485,0.92,400,2.2,,,
2472,103,90,12,12.6,583.5555556,12.24242424,0.87,400,2.2,,,
2473,103,90,13,13.7,561.1111111,12.19393939,0.83,400,2.2,,,
2474,103,90,14,14.3,639.6666667,12.10606061,0.8,400,2.2,,,
2475,103,90,15,14.7,617.2222222,11.98181818,0.75,400,2.2,,,
2476,103,90,16,14.5,460.1111111,11.85151515,0.75,400,2.2,,,
2477,103,90,17,14.4,269.3333333,11.68181818,0.77,400,2.2,,,
2478,103,90,18,13.4,89.77777778,11.51818182,0.8,400,2.2,,,
2479,103,90,19,12.7,0,11.37575758,0.82,400,2.2,,,
2480,103,90,20,12.1,0,11.24848485,0.86,400,2.2,,,
2481,103,90,21,11.3,0,11.12727273,0.9,400,2.2,,,
2482,103,90,22,11.3,0,10.98181818,0.91,400,2.2,,,
2483,103,90,23,10.2,0,10.86060606,0.93,400,2.2,,,
2484,103,90,24,8.7,0,10.81515152,0.93,400,2.2,,,
2485,103,91,1,8.1,0,10.85151515,0.96,400,2.2,,,
2486,103,91,2,8.4,0,10.96969697,0.97,400,2.2,,,
2487,103,91,3,8.4,0,11.14848485,0.98,400,2.2,,,
2488,103,91,4,8.2,0,11.38484848,0.97,400,2.2,,,
2489,103,91,5,7,0,11.63333333,0.97,400,2.2,,,
2490,103,91,6,7.5,11.22222222,11.88484848,0.98,400,2.2,,,
2491,103,91,7,9.7,224.4444444,12.14848485,0.98,400,2.2,,,
2492,103,91,8,12.4,561.1111111,12.3969697,0.9,400,2.2,,,
2493,103,91,9,14.8,875.3333333,12.62727273,0.73,400,2.2,,,
2494,103,91,10,16.3,1155.888889,12.80606061,0.6,400,2.2,,,
2495,103,91,11,17.4,1369.111111,12.89393939,0.55,400,2.2,,,
2496,104,91,12,17.9,1492.555556,12.89393939,0.54,400,2.2,,,
2497,104,91,13,18,1425.222222,12.86060606,0.56,400,2.2,,,
2498,104,91,14,18.3,1346.666667,12.79393939,0.48,400,2.2,,,
2499,104,91,15,18.1,1144.666667,12.68484848,0.48,400,2.2,,,
2500,104,91,16,17.8,852.8888889,12.55454545,0.47,400,2.2,,,
2501,104,91,17,16.3,505,12.4030303,0.51,400,2.2,,,
2502,104,91,18,13.5,145.8888889,12.23030303,0.57,400,2.2,,,
2503,104,91,19,11.2,11.22222222,12.04848485,0.67,400,2.2,,,
2504,104,91,20,11.2,0,11.88484848,0.72,400,2.2,,,
2505,104,91,21,10.4,0,11.72121212,0.73,400,2.2,,,
2506,104,91,22,10.1,0,11.56666667,0.76,400,2.2,,,
2507,104,91,23,10,0,11.43636364,0.77,400,2.2,,,
2508,104,91,24,9.7,0,11.36969697,0.76,400,2.6,,,
2509,104,91,1,8.8,0,11.41515152,0.79,400,2.6,,,
2510,104,91,2,8.4,0,11.56060606,0.82,400,2.6,,,
2511,104,91,3,8,0,11.78787879,0.83,400,2.6,,,
2512,104,91,4,7.3,0,12.05454545,0.84,400,2.6,,,
2513,104,91,5,7,0,12.36060606,0.85,400,2.6,,,
2514,104,91,6,7,11.22222222,12.7,0.86,400,2.6,,,
2515,104,91,7,9.1,213.2222222,13.09393939,0.85,400,2.6,,,
2516,104,91,8,11.7,538.6666667,13.49393939,0.73,400,2.6,,,
2517,104,91,9,13.5,886.5555556,13.82121212,0.67,400,2.6,,,
2518,104,91,10,15.6,1167.111111,14.03333333,0.63,400,2.6,,,
2519,104,91,11,17.2,1324.222222,14.07575758,0.62,400,2.6,,,
2520,105,91,12,18.5,1515,14.03030303,0.55,400,2.6,,,
2521,105,91,13,19.4,1492.555556,13.91212121,0.53,400,2.6,,,
2522,105,91,14,20,1357.888889,13.77575758,0.51,400,2.6,,,
2523,105,91,15,20.7,1144.666667,13.66363636,0.51,400,2.6,,,
2524,105,91,16,20.5,830.4444444,13.51818182,0.47,400,2.6,,,
2525,105,91,17,19.4,482.5555556,13.34848485,0.47,400,2.6,,,
2526,105,91,18,16.2,123.4444444,13.15151515,0.56,400,2.6,,,
2527,105,91,19,14.8,0,12.98787879,0.56,400,2.6,,,
2528,105,91,20,13.5,0,12.89090909,0.61,400,2.6,,,
2529,105,91,21,13.4,0,12.85151515,0.63,400,2.6,,,
2530,105,91,22,14.3,0,12.80606061,0.56,400,2.6,,,
2531,105,91,23,13.5,0,12.78181818,0.63,400,2.6,,,
2532,105,91,24,12.5,0,12.76969697,0.7,400,2,,,
2533,105,92,1,11.3,0,12.78787879,0.79,400,2,,,
2534,105,92,2,10.9,0,12.9030303,0.84,400,2,,,
2535,105,92,3,10.3,0,13.08484848,0.9,400,2,,,
2536,105,92,4,9.9,0,13.2969697,0.93,400,2,,,
2537,105,92,5,9.7,0,13.57272727,0.94,400,2,,,
2538,105,92,6,9.6,11.22222222,13.86969697,0.93,400,2,,,
2539,105,92,7,9.7,78.55555556,14.22424242,0.92,400,2,,,
2540,105,92,8,10.6,437.6666667,14.50606061,0.84,400,2,,,
2541,105,92,9,13.5,864.1111111,14.75454545,0.73,400,2,,,
2542,105,92,10,14.8,1268.111111,14.88484848,0.63,400,2,,,
2543,105,92,11,15.4,1122.222222,14.93939394,0.65,400,2,,,
2544,106,92,12,17.1,1369.111111,14.90909091,0.55,400,2,,,
2545,106,92,13,17.1,1088.555556,14.81818182,0.5,400,2,,,
2546,106,92,14,18.7,1223.222222,14.64242424,0.54,400,2,,,
2547,106,92,15,16.3,864.1111111,14.42727273,0.58,400,2,,,
2548,106,92,16,17.3,347.8888889,14.18181818,0.56,400,2,,,
2549,106,92,17,16,168.3333333,13.91212121,0.53,400,2,,,
2550,106,92,18,15.3,44.88888889,13.63030303,0.58,400,2,,,
2551,106,92,19,14.6,0,13.37878788,0.62,400,2,,,
2552,106,92,20,14.2,0,13.22121212,0.64,400,2,,,
2553,106,92,21,12.7,0,13.1,0.75,400,2,,,
2554,106,92,22,12.3,0,13.01515152,0.79,400,2,,,
2555,106,92,23,11.9,0,12.93030303,0.86,400,2,,,
2556,106,92,24,11.8,0,12.82121212,0.87,400,2.8,,,
2557,106,93,1,11.2,0,12.74848485,0.92,400,2.8,,,
2558,106,93,2,11.1,0,12.70606061,0.94,400,2.8,,,
2559,106,93,3,11,0,12.71212121,0.95,400,2.8,,,
2560,106,93,4,10.8,0,12.74545455,0.95,400,2.8,,,
2561,106,93,5,10.7,0,12.82727273,0.95,400,2.8,,,
2562,106,93,6,10.6,0,12.93636364,0.96,400,2.8,,,
2563,106,93,7,10.7,33.66666667,13.08787879,0.96,400,2.8,,,
2564,106,93,8,11.1,157.1111111,13.27272727,0.94,400,2.8,,,
2565,106,93,9,11.1,168.3333333,13.43333333,0.95,400,2.8,,,
2566,106,93,10,11.5,258.1111111,13.54848485,0.96,400,2.8,,,
2567,106,93,11,12,303,13.55151515,0.94,400,2.8,,,
2568,107,93,12,13,426.4444444,13.46666667,0.94,400,2.8,,,
2569,107,93,13,13.5,415.2222222,13.37878788,0.92,400,2.8,,,
2570,107,93,14,14.7,336.6666667,13.19393939,0.92,400,2.8,,,
2571,107,93,15,15.7,426.4444444,13.01212121,0.87,400,2.8,,,
2572,107,93,16,15,190.7777778,12.78484848,0.94,400,2.8,,,
2573,107,93,17,14.4,235.6666667,12.6,0.87,400,2.8,,,
2574,107,93,18,13.6,112.2222222,12.39090909,0.87,400,2.8,,,
2575,107,93,19,12,0,12.21818182,0.92,400,2.8,,,
2576,107,93,20,12.5,0,12.06060606,0.94,400,2.8,,,
2577,107,93,21,11,0,11.92727273,0.87,400,2.8,,,
2578,107,93,22,11.1,0,11.8,0.92,400,2.8,,,
2579,107,93,23,11.2,0,11.71212121,0.9,400,2.8,,,
2580,107,93,24,10.2,0,11.65151515,0.93,400,1.9,,,
2581,107,94,1,10.4,0,11.62121212,0.92,400,1.9,,,
2582,107,94,2,10.3,0,11.6030303,0.91,400,1.9,,,
2583,107,94,3,10.1,0,11.61212121,0.92,400,1.9,,,
2584,107,94,4,10.2,0,11.63939394,0.93,400,1.9,,,
2585,107,94,5,10,0,11.68787879,0.93,400,1.9,,,
2586,107,94,6,9.8,11.22222222,11.73939394,0.93,400,1.9,,,
2587,107,94,7,10.3,56.11111111,11.8030303,0.91,400,1.9,,,
2588,107,94,8,10.9,157.1111111,11.91212121,0.87,400,1.9,,,
2589,107,94,9,11.2,258.1111111,11.9969697,0.9,400,1.9,,,
2590,107,94,10,11.5,258.1111111,12.07272727,0.89,400,1.9,,,
2591,107,94,11,12,336.6666667,12.11818182,0.89,400,1.9,,,
2592,108,94,12,12.6,448.8888889,12.13636364,0.83,400,1.9,,,
2593,108,94,13,12.5,303,12.10606061,0.86,400,1.9,,,
2594,108,94,14,12.8,415.2222222,12.04545455,0.84,400,1.9,,,
2595,108,94,15,14.2,527.4444444,11.96666667,0.8,400,1.9,,,
2596,108,94,16,13.5,213.2222222,11.86363636,0.81,400,1.9,,,
2597,108,94,17,13.6,112.2222222,11.73030303,0.77,400,1.9,,,
2598,108,94,18,12.6,168.3333333,11.62727273,0.8,400,1.9,,,
2599,108,94,19,12.1,11.22222222,11.54242424,0.84,400,1.9,,,
2600,108,94,20,11,0,11.47878788,0.89,400,1.9,,,
2601,108,94,21,11,0,11.45757576,0.9,400,1.9,,,
2602,108,94,22,10.9,0,11.43030303,0.91,400,1.9,,,
2603,108,94,23,11.3,0,11.44848485,0.9,400,1.9,,,
2604,108,94,24,11.3,0,11.46363636,0.83,400,2.4,,,
2605,108,95,1,11.6,0,11.55757576,0.83,400,2.4,,,
2606,108,95,2,11.6,0,11.71212121,0.84,400,2.4,,,
2607,108,95,3,11.5,0,11.91515152,0.85,400,2.4,,,
2608,108,95,4,11.3,0,12.12121212,0.89,400,2.4,,,
2609,108,95,5,11.6,0,12.34242424,0.86,400,2.4,,,
2610,108,95,6,11.6,11.22222222,12.57878788,0.86,400,2.4,,,
2611,108,95,7,11.6,123.4444444,12.84242424,0.88,400,2.4,,,
2612,108,95,8,14.3,561.1111111,13.11818182,0.82,400,2.4,,,
2613,108,95,9,15.3,920.2222222,13.37272727,0.81,400,2.4,,,
2614,108,95,10,17.1,976.3333333,13.58787879,0.76,400,2.4,,,
2615,108,95,11,17.1,1077.333333,13.77575758,0.71,400,2.4,,,
2616,109,95,12,17.4,1111,13.94242424,0.68,400,2.4,,,
2617,109,95,13,18,1223.222222,14.08787879,0.69,400,2.4,,,
2618,109,95,14,18.7,1268.111111,14.20606061,0.68,400,2.4,,,
2619,109,95,15,18.9,1054.888889,14.32424242,0.68,400,2.4,,,
2620,109,95,16,18.7,875.3333333,14.3969697,0.67,400,2.4,,,
2621,109,95,17,18,505,14.40606061,0.69,400,2.4,,,
2622,109,95,18,17.4,134.6666667,14.42121212,0.73,400,2.4,,,
2623,109,95,19,17,11.22222222,14.40909091,0.74,400,2.4,,,
2624,109,95,20,16.8,0,14.42424242,0.73,400,2.4,,,
2625,109,95,21,16.5,0,14.43333333,0.73,400,2.4,,,
2626,109,95,22,16.4,0,14.46363636,0.73,400,2.4,,,
2627,109,95,23,15.2,0,14.47575758,0.78,400,2.4,,,
2628,109,95,24,14.5,0,14.57272727,0.83,400,3,,,
2629,109,96,1,14,0,14.67575758,0.85,400,3,,,
2630,109,96,2,13.2,0,14.83939394,0.88,400,3,,,
2631,109,96,3,13.1,0,15.01818182,0.88,400,3,,,
2632,109,96,4,12.4,0,15.19090909,0.9,400,3,,,
2633,109,96,5,12,0,15.28181818,0.91,400,3,,,
2634,109,96,6,11.4,11.22222222,15.38787879,0.91,400,3,,,
2635,109,96,7,14.1,325.4444444,15.51515152,0.87,400,3,,,
2636,109,96,8,14.7,392.7777778,15.66666667,0.76,400,3,,,
2637,109,96,9,16.7,796.7777778,15.79090909,0.65,400,3,,,
2638,109,96,10,17.5,1122.222222,15.82121212,0.68,400,3,,,
2639,109,96,11,17.3,1290.555556,15.78484848,0.7,400,3,,,
2640,110,96,12,14.5,796.7777778,15.68787879,0.75,400,3,,,
2641,110,96,13,14.8,1043.666667,15.55151515,0.73,400,3,,,
2642,110,96,14,15.8,864.1111111,15.37878788,0.71,400,3,,,
2643,110,96,15,16.6,875.3333333,15.17575758,0.67,400,3,,,
2644,110,96,16,15.7,538.6666667,14.91515152,0.75,400,3,,,
2645,110,96,17,15.3,269.3333333,14.63939394,0.76,400,3,,,
2646,110,96,18,14.1,179.5555556,14.35454545,0.8,400,3,,,
2647,110,96,19,13.9,11.22222222,14.0969697,0.84,400,3,,,
2648,110,96,20,12.6,0,13.84848485,0.76,400,3,,,
2649,110,96,21,11.7,0,13.61212121,0.7,400,3,,,
2650,110,96,22,11.3,0,13.35757576,0.66,400,3,,,
2651,110,96,23,10.1,0,13.10909091,0.77,400,3,,,
2652,110,96,24,9.8,0,12.87878788,0.81,400,3.6,,,
2653,110,97,1,9.3,0,12.6969697,0.84,400,3.6,,,
2654,110,97,2,9.5,0,12.56060606,0.87,400,3.6,,,
2655,110,97,3,9.2,0,12.46666667,0.86,400,3.6,,,
2656,110,97,4,9.2,0,12.40909091,0.87,400,3.6,,,
2657,110,97,5,8.4,0,12.37575758,0.9,400,3.6,,,
2658,110,97,6,8.3,11.22222222,12.3969697,0.93,400,3.6,,,
2659,110,97,7,8.8,269.3333333,12.41818182,0.87,400,3.6,,,
2660,110,97,8,9.2,437.6666667,12.42424242,0.84,400,3.6,,,
2661,110,97,9,10,448.8888889,12.34545455,0.84,400,3.6,,,
2662,110,97,10,10.9,426.4444444,12.21515152,0.81,400,3.6,,,
2663,110,97,11,11.3,684.5555556,12.0030303,0.7,400,3.6,,,
2664,111,97,12,12,1144.666667,11.76060606,0.69,400,3.6,,,
2665,111,97,13,13.1,1010,11.52121212,0.63,400,3.6,,,
2666,111,97,14,12.7,650.8888889,11.34848485,0.66,400,3.6,,,
2667,111,97,15,11.6,437.6666667,11.16666667,0.65,400,3.6,,,
2668,111,97,16,11.5,606,10.92424242,0.62,400,3.6,,,
2669,111,97,17,10.4,157.1111111,10.63939394,0.62,400,3.6,,,
2670,111,97,18,9.7,44.88888889,10.35454545,0.7,400,3.6,,,
2671,111,97,19,9.5,11.22222222,10.09090909,0.73,400,3.6,,,
2672,111,97,20,9.4,0,9.851515152,0.72,400,3.6,,,
2673,111,97,21,8.8,0,9.563636364,0.78,400,3.6,,,
2674,111,97,22,8.8,0,9.296969697,0.79,400,3.6,,,
2675,111,97,23,7.8,0,9.066666667,0.82,400,3.6,,,
2676,111,97,24,7.2,0,8.924242424,0.86,400,1.7,,,
2677,111,98,1,6.3,0,8.893939394,0.89,400,1.7,,,
2678,111,98,2,6.6,0,8.927272727,0.9,400,1.7,,,
2679,111,98,3,6.2,0,9.048484848,0.91,400,1.7,,,
2680,111,98,4,4.4,0,9.136363636,0.93,400,1.7,,,
2681,111,98,5,3.8,0,9.257575758,0.94,400,1.7,,,
2682,111,98,6,4.1,44.88888889,9.384848485,0.95,400,1.7,,,
2683,111,98,7,6.6,314.2222222,9.551515152,0.97,400,1.7,,,
2684,111,98,8,9.1,673.3333333,9.748484848,0.89,400,1.7,,,
2685,111,98,9,10.9,931.4444444,9.906060606,0.82,400,1.7,,,
2686,111,98,10,13.3,1346.666667,10.04848485,0.73,400,1.7,,,
2687,111,98,11,12.4,965.1111111,10.10606061,0.71,400,1.7,,,
2688,112,98,12,13.2,920.2222222,10.07878788,0.67,400,1.7,,,
2689,112,98,13,13.4,942.6666667,10.02727273,0.65,400,1.7,,,
2690,112,98,14,13.9,617.2222222,9.936363636,0.62,400,1.7,,,
2691,112,98,15,14.8,684.5555556,9.812121212,0.6,400,1.7,,,
2692,112,98,16,14,516.2222222,9.690909091,0.61,400,1.7,,,
2693,112,98,17,13.9,448.8888889,9.533333333,0.59,400,1.7,,,
2694,112,98,18,11.9,145.8888889,9.375757576,0.71,400,1.7,,,
2695,112,98,19,10,22.44444444,9.215151515,0.76,400,1.7,,,
2696,112,98,20,9.6,0,9.057575758,0.8,400,1.7,,,
2697,112,98,21,9,0,8.896969697,0.85,400,1.7,,,
2698,112,98,22,9,0,8.715151515,0.86,400,1.7,,,
2699,112,98,23,8.7,0,8.548484848,0.86,400,1.7,,,
2700,112,98,24,6.4,0,8.466666667,0.89,400,0.9,,,
2701,112,99,1,6.3,0,8.506060606,0.91,400,0.9,,,
2702,112,99,2,5.1,0,8.651515152,0.94,400,0.9,,,
2703,112,99,3,4.5,0,8.851515152,0.96,400,0.9,,,
2704,112,99,4,4.2,0,9.087878788,0.97,400,0.9,,,
2705,112,99,5,3.4,0,9.378787879,0.98,400,0.9,,,
2706,112,99,6,3.3,44.88888889,9.721212121,0.99,400,0.9,,,
2707,112,99,7,6.1,291.7777778,10.11515152,1,400,0.9,,,
2708,112,99,8,9.1,594.7777778,10.50909091,0.95,400,0.9,,,
2709,112,99,9,12,953.8888889,10.82424242,0.75,400,0.9,,,
2710,112,99,10,12.9,1268.111111,11.05454545,0.68,400,0.9,,,
2711,112,99,11,14.4,1481.333333,11.2030303,0.64,400,0.9,,,
2712,113,99,12,15.8,1616,11.22424242,0.57,400,0.9,,,
2713,113,99,13,15.7,1604.777778,11.22424242,0.53,400,0.9,,,
2714,113,99,14,16.8,1481.333333,11.13636364,0.51,400,0.9,,,
2715,113,99,15,17.1,1245.666667,10.98787879,0.49,400,0.9,,,
2716,113,99,16,17,953.8888889,10.83939394,0.49,400,0.9,,,
2717,113,99,17,16.7,606,10.64848485,0.53,400,0.9,,,
2718,113,99,18,15.8,235.6666667,10.46666667,0.56,400,0.9,,,
2719,113,99,19,14,11.22222222,10.27878788,0.6,400,0.9,,,
2720,113,99,20,12.4,0,10.17575758,0.67,400,0.9,,,
2721,113,99,21,10.3,0,10.13030303,0.75,400,0.9,,,
2722,113,99,22,8.5,0,10.1,0.87,400,0.9,,,
2723,113,99,23,9,0,10.0969697,0.92,400,0.9,,,
2724,113,99,24,8.5,0,10.1,0.94,400,2.3,,,
2725,113,100,1,8,0,10.12424242,0.96,400,2.3,,,
2726,113,100,2,7.7,0,10.22424242,0.98,400,2.3,,,
2727,113,100,3,8.5,0,10.34848485,0.99,400,2.3,,,
2728,113,100,4,8.5,0,10.52727273,0.99,400,2.3,,,
2729,113,100,5,8.6,0,10.74848485,1,400,2.3,,,
2730,113,100,6,8.9,11.22222222,11.01515152,1,400,2.3,,,
2731,113,100,7,9.1,56.11111111,11.33636364,1,400,2.3,,,
2732,113,100,8,9.5,89.77777778,11.63030303,0.98,400,2.3,,,
2733,113,100,9,9.7,235.6666667,11.83030303,0.96,400,2.3,,,
2734,113,100,10,10.4,437.6666667,11.92121212,0.86,400,2.3,,,
2735,113,100,11,11,572.3333333,11.9030303,0.8,400,2.3,,,
2736,114,100,12,11.8,886.5555556,11.84545455,0.77,400,2.3,,,
2737,114,100,13,13,1616,11.6969697,0.74,400,2.3,,,
2738,114,100,14,14,1492.555556,11.51515152,0.72,400,2.3,,,
2739,114,100,15,13,1066.111111,11.2969697,0.76,400,2.3,,,
2740,114,100,16,12.7,258.1111111,10.98787879,0.79,400,2.3,,,
2741,114,100,17,12.1,123.4444444,10.65151515,0.83,400,2.3,,,
2742,114,100,18,11.4,44.88888889,10.31212121,0.84,400,2.3,,,
2743,114,100,19,11,11.22222222,9.960606061,0.87,400,2.3,,,
2744,114,100,20,9.5,0,9.627272727,0.95,400,2.3,,,
2745,114,100,21,9.8,0,9.339393939,0.93,400,2.3,,,
2746,114,100,22,8.5,0,9.090909091,0.89,400,2.3,,,
2747,114,100,23,6.6,0,8.909090909,0.9,400,2.3,,,
2748,114,100,24,6,0,8.848484848,0.93,400,2.5,,,
2749,114,101,1,5.8,0,8.842424242,0.96,400,2.5,,,
2750,114,101,2,5.1,0,8.884848485,0.96,400,2.5,,,
2751,114,101,3,4.8,0,8.924242424,0.97,400,2.5,,,
2752,114,101,4,4.5,0,9.012121212,0.98,400,2.5,,,
2753,114,101,5,4.2,0,9.072727273,0.99,400,2.5,,,
2754,114,101,6,4.3,44.88888889,9.151515152,0.99,400,2.5,,,
2755,114,101,7,6.5,359.1111111,9.257575758,0.98,400,2.5,,,
2756,114,101,8,8.8,718.2222222,9.357575758,0.89,400,2.5,,,
2757,114,101,9,9.9,841.6666667,9.487878788,0.79,400,2.5,,,
2758,114,101,10,9.3,1066.111111,9.578787879,0.74,400,2.5,,,
2759,114,101,11,10.6,1021.222222,9.618181818,0.65,400,2.5,,,
2760,115,101,12,10.5,516.2222222,9.572727273,0.62,400,2.5,,,
2761,115,101,13,11.1,482.5555556,9.5,0.64,400,2.5,,,
2762,115,101,14,12.1,976.3333333,9.333333333,0.59,400,2.5,,,
2763,115,101,15,12.2,796.7777778,9.112121212,0.56,400,2.5,,,
2764,115,101,16,13.4,684.5555556,8.851515152,0.49,400,2.5,,,
2765,115,101,17,12.5,695.7777778,8.642424242,0.49,400,2.5,,,
2766,115,101,18,11,258.1111111,8.457575758,0.54,400,2.5,,,
2767,115,101,19,8.9,11.22222222,8.309090909,0.67,400,2.5,,,
2768,115,101,20,8.6,0,8.187878788,0.67,400,2.5,,,
2769,115,101,21,6.3,0,8.078787879,0.77,400,2.5,,,
2770,115,101,22,5.7,0,8.015151515,0.84,400,2.5,,,
2771,115,101,23,5.4,0,7.960606061,0.86,400,2.5,,,
2772,115,101,24,6.1,0,7.957575758,0.83,400,5.3,,,
2773,115,102,1,6.6,0,8.036363636,0.8,400,5.3,,,
2774,115,102,2,7.2,0,8.196969697,0.76,400,5.3,,,
2775,115,102,3,7.4,0,8.381818182,0.8,400,5.3,,,
2776,115,102,4,7.4,0,8.554545455,0.86,400,5.3,,,
2777,115,102,5,7.4,0,8.778787879,0.95,400,5.3,,,
2778,115,102,6,8,11.22222222,9.03030303,0.96,400,5.3,,,
2779,115,102,7,8.4,89.77777778,9.248484848,0.96,400,5.3,,,
2780,115,102,8,9.2,190.7777778,9.451515152,0.97,400,5.3,,,
2781,115,102,9,11.3,572.3333333,9.554545455,0.86,400,5.3,,,
2782,115,102,10,11.9,976.3333333,9.542424242,0.7,400,5.3,,,
2783,115,102,11,10.8,1234.444444,9.481818182,0.68,400,5.3,,,
2784,116,102,12,12.2,1447.666667,9.427272727,0.65,400,5.3,,,
2785,116,102,13,12.8,1032.444444,9.321212121,0.69,400,5.3,,,
2786,116,102,14,11.4,987.5555556,9.215151515,0.75,400,5.3,,,
2787,116,102,15,11,774.3333333,9.096969697,0.77,400,5.3,,,
2788,116,102,16,9.9,572.3333333,8.948484848,0.73,400,5.3,,,
2789,116,102,17,8.4,246.8888889,8.787878788,0.84,400,5.3,,,
2790,116,102,18,7.9,280.5555556,8.575757576,0.85,400,5.3,,,
2791,116,102,19,7.5,22.44444444,8.390909091,0.87,400,5.3,,,
2792,116,102,20,7.1,0,8.257575758,0.91,400,5.3,,,
2793,116,102,21,7,0,8.187878788,0.91,400,5.3,,,
2794,116,102,22,7.2,0,8.133333333,0.9,400,5.3,,,
2795,116,102,23,7.2,0,8.154545455,0.94,400,5.3,,,
2796,116,102,24,6.9,0,8.196969697,0.95,400,4.7,,,
2797,116,103,1,6.4,0,8.278787879,0.95,400,4.7,,,
2798,116,103,2,6.4,0,8.342424242,0.96,400,4.7,,,
2799,116,103,3,6.6,0,8.436363636,0.96,400,4.7,,,
2800,116,103,4,6.6,0,8.481818182,0.94,400,4.7,,,
2801,116,103,5,6.8,0,8.509090909,0.95,400,4.7,,,
2802,116,103,6,7,78.55555556,8.609090909,0.86,400,4.7,,,
2803,116,103,7,7.1,280.5555556,8.718181818,0.84,400,4.7,,,
2804,116,103,8,8.1,639.6666667,8.7,0.76,400,4.7,,,
2805,116,103,9,8.2,864.1111111,8.66969697,0.75,400,4.7,,,
2806,116,103,10,9.7,1054.888889,8.648484848,0.68,400,4.7,,,
2807,116,103,11,8.7,527.4444444,8.524242424,0.82,400,4.7,,,
2808,117,103,12,8.3,1133.444444,8.327272727,0.7,400,4.7,,,
2809,117,103,13,10.7,1313,8.106060606,0.65,400,4.7,,,
2810,117,103,14,11,1481.333333,7.83030303,0.51,400,4.7,,,
2811,117,103,15,7.4,336.6666667,7.545454545,0.76,400,4.7,,,
2812,117,103,16,7.4,347.8888889,7.306060606,0.75,400,4.7,,,
2813,117,103,17,8.5,583.5555556,7.075757576,0.51,400,4.7,,,
2814,117,103,18,7.2,190.7777778,6.866666667,0.59,400,4.7,,,
2815,117,103,19,5.4,33.66666667,6.712121212,0.71,400,4.7,,,
2816,117,103,20,3.5,0,6.578787879,0.79,400,4.7,,,
2817,117,103,21,3.1,0,6.451515152,0.88,400,4.7,,,
2818,117,103,22,3.4,0,6.339393939,0.93,400,4.7,,,
2819,117,103,23,3.5,0,6.193939394,0.95,400,4.7,,,
2820,117,103,24,3.4,0,6.03030303,0.95,400,1.5,,,
2821,117,104,1,3,0,5.878787879,0.96,400,1.5,,,
2822,117,104,2,3.3,0,5.742424242,0.96,400,1.5,,,
2823,117,104,3,3.5,0,5.633333333,0.96,400,1.5,,,
2824,117,104,4,3.3,0,5.524242424,0.96,400,1.5,,,
2825,117,104,5,3.4,0,5.412121212,0.97,400,1.5,,,
2826,117,104,6,2.2,0,5.278787879,0.97,400,1.5,,,
2827,117,104,7,1.8,67.33333333,5.124242424,0.98,400,1.5,,,
2828,117,104,8,2.2,134.6666667,4.957575758,0.99,400,1.5,,,
2829,117,104,9,2.4,123.4444444,4.781818182,0.99,400,1.5,,,
2830,117,104,10,2.8,190.7777778,4.615151515,1,400,1.5,,,
2831,117,104,11,2.8,157.1111111,4.442424242,0.99,400,1.5,,,
2832,118,104,12,2.9,190.7777778,4.187878788,0.98,400,1.5,,,
2833,118,104,13,2.2,145.8888889,3.96969697,0.96,400,1.5,,,
2834,118,104,14,1.7,157.1111111,3.76969697,0.97,400,1.5,,,
2835,118,104,15,1.5,168.3333333,3.481818182,0.98,400,1.5,,,
2836,118,104,16,1.3,168.3333333,3.203030303,0.98,400,1.5,,,
2837,118,104,17,2.6,224.4444444,3.021212121,0.99,400,1.5,,,
2838,118,104,18,2.5,56.11111111,2.833333333,0.99,400,1.5,,,
2839,118,104,19,1.3,0,2.624242424,0.99,400,1.5,,,
2840,118,104,20,1.5,0,2.454545455,0.99,400,1.5,,,
2841,118,104,21,1.7,0,2.339393939,1,400,1.5,,,
2842,118,104,22,1.2,0,2.26969697,0.99,400,1.5,,,
2843,118,104,23,1.8,0,2.23030303,1,400,1.5,,,
2844,118,104,24,1.4,0,2.2,0.98,400,2.1,,,
2845,118,105,1,1.2,0,2.181818182,0.97,400,2.1,,,
2846,118,105,2,1.6,0,2.236363636,0.97,400,2.1,,,
2847,118,105,3,1.6,0,2.327272727,0.98,400,2.1,,,
2848,118,105,4,1.6,0,2.454545455,0.98,400,2.1,,,
2849,118,105,5,1.2,0,2.603030303,0.99,400,2.1,,,
2850,118,105,6,1.8,33.66666667,2.715151515,0.99,400,2.1,,,
2851,118,105,7,2.4,190.7777778,2.763636364,0.99,400,2.1,,,
2852,118,105,8,2.9,235.6666667,2.83030303,0.94,400,2.1,,,
2853,118,105,9,5.2,909,2.960606061,0.85,400,2.1,,,
2854,118,105,10,6,1088.555556,3.084848485,0.74,400,2.1,,,
2855,118,105,11,7.5,1279.333333,3.142424242,0.72,400,2.1,,,
2856,119,105,12,8.4,1582.333333,3.163636364,0.66,400,2.1,,,
2857,119,105,13,7,707,3.166666667,0.66,400,2.1,,,
2858,119,105,14,5,448.8888889,3.151515152,0.88,400,2.1,,,
2859,119,105,15,4.4,538.6666667,3.151515152,0.9,400,2.1,,,
2860,119,105,16,6.1,718.2222222,3.145454545,0.84,400,2.1,,,
2861,119,105,17,6.3,493.7777778,3.142424242,0.78,400,2.1,,,
2862,119,105,18,4.3,123.4444444,3.151515152,0.91,400,2.1,,,
2863,119,105,19,3.5,33.66666667,3.124242424,0.92,400,2.1,,,
2864,119,105,20,2.9,0,3.078787879,0.94,400,2.1,,,
2865,119,105,21,2.4,0,3.06969697,0.93,400,2.1,,,
2866,119,105,22,2.2,0,3.054545455,0.95,400,2.1,,,
2867,119,105,23,1.5,0,3.06969697,0.96,400,2.1,,,
2868,119,105,24,1.4,0,3.160606061,0.96,400,1.8,,,
2869,119,106,1,1.6,0,3.309090909,0.96,400,1.8,,,
2870,119,106,2,1.7,0,3.472727273,0.96,400,1.8,,,
2871,119,106,3,1,0,3.651515152,0.95,400,1.8,,,
2872,119,106,4,1,0,3.872727273,0.94,400,1.8,,,
2873,119,106,5,1,0,4.133333333,0.93,400,1.8,,,
2874,119,106,6,2.2,112.2222222,4.393939394,0.92,400,1.8,,,
2875,119,106,7,4.2,460.1111111,4.684848485,0.91,400,1.8,,,
2876,119,106,8,6.7,785.5555556,4.927272727,0.8,400,1.8,,,
2877,119,106,9,6.8,931.4444444,5.090909091,0.75,400,1.8,,,
2878,119,106,10,7.1,695.7777778,5.260606061,0.74,400,1.8,,,
2879,119,106,11,8.9,1077.333333,5.327272727,0.73,400,1.8,,,
2880,120,106,12,10.2,1414,5.321212121,0.67,400,1.8,,,
2881,120,106,13,10.2,1256.888889,5.248484848,0.63,400,1.8,,,
2882,120,106,14,10.8,1200.777778,5.139393939,0.6,400,1.8,,,
2883,120,106,15,9.8,415.2222222,5.06969697,0.65,400,1.8,,,
2884,120,106,16,7.8,291.7777778,5.051515152,0.69,400,1.8,,,
2885,120,106,17,8.5,448.8888889,5.021212121,0.7,400,1.8,,,
2886,120,106,18,7.4,269.3333333,4.909090909,0.74,400,1.8,,,
2887,120,106,19,5.8,33.66666667,4.8,0.8,400,1.8,,,
2888,120,106,20,5.1,0,4.736363636,0.86,400,1.8,,,
2889,120,106,21,4.8,0,4.675757576,0.89,400,1.8,,,
2890,120,106,22,4.7,0,4.636363636,0.92,400,1.8,,,
2891,120,106,23,4.4,0,4.615151515,0.91,400,1.8,,,
2892,120,106,24,3.4,0,4.666666667,0.94,400,1.5,,,
2893,120,107,1,2.4,0,4.784848485,0.93,400,1.5,,,
2894,120,107,2,2.7,0,4.963636364,0.96,400,1.5,,,
2895,120,107,3,2.2,0,5.227272727,0.97,400,1.5,,,
2896,120,107,4,1.5,0,5.554545455,0.98,400,1.5,,,
2897,120,107,5,1.6,0,5.909090909,0.99,400,1.5,,,
2898,120,107,6,1.7,56.11111111,6.284848485,0.99,400,1.5,,,
2899,120,107,7,3.9,123.4444444,6.521212121,1,400,1.5,,,
2900,120,107,8,5.4,303,6.812121212,0.98,400,1.5,,,
2901,120,107,9,7.3,594.7777778,6.960606061,0.87,400,1.5,,,
2902,120,107,10,10.3,1032.444444,7.03030303,0.69,400,1.5,,,
2903,120,107,11,12.5,1672.111111,7.090909091,0.63,400,1.5,,,
2904,121,107,12,12.7,1750.666667,7.103030303,0.52,400,1.5,,,
2905,121,107,13,13.4,1391.555556,7.045454545,0.48,400,1.5,,,
2906,121,107,14,8.8,774.3333333,6.936363636,0.68,400,1.5,,,
2907,121,107,15,11.8,740.6666667,6.796969697,0.58,400,1.5,,,
2908,121,107,16,9.1,796.7777778,6.581818182,0.7,400,1.5,,,
2909,121,107,17,9,493.7777778,6.396969697,0.75,400,1.5,,,
2910,121,107,18,8.8,213.2222222,6.242424242,0.72,400,1.5,,,
2911,121,107,19,7.5,11.22222222,6.057575758,0.83,400,1.5,,,
2912,121,107,20,7,0,5.896969697,0.81,400,1.5,,,
2913,121,107,21,6.6,0,5.806060606,0.86,400,1.5,,,
2914,121,107,22,5.6,0,5.7,0.86,400,1.5,,,
2915,121,107,23,3.7,0,5.612121212,0.91,400,1.5,,,
2916,121,107,24,3.7,0,5.609090909,0.94,400,1.9,,,
2917,121,108,1,2.7,0,5.657575758,0.96,400,1.9,,,
2918,121,108,2,2.4,0,5.781818182,0.97,400,1.9,,,
2919,121,108,3,2.1,0,6.006060606,0.98,400,1.9,,,
2920,121,108,4,2.8,0,6.236363636,0.99,400,1.9,,,
2921,121,108,5,1.6,0,6.487878788,0.98,400,1.9,,,
2922,121,108,6,1.9,78.55555556,6.709090909,0.99,400,1.9,,,
2923,121,108,7,4.6,325.4444444,6.966666667,0.99,400,1.9,,,
2924,121,108,8,6,740.6666667,7.181818182,0.88,400,1.9,,,
2925,121,108,9,7.5,1043.666667,7.306060606,0.83,400,1.9,,,
2926,121,108,10,9.8,1369.111111,7.354545455,0.71,400,1.9,,,
2927,121,108,11,10.3,1234.444444,7.351515152,0.59,400,1.9,,,
2928,122,108,12,10.5,1481.333333,7.233333333,0.64,400,1.9,,,
2929,122,108,13,8.8,1155.888889,7.042424242,0.63,400,1.9,,,
2930,122,108,14,10.1,1335.444444,6.806060606,0.67,400,1.9,,,
2931,122,108,15,8.8,1189.555556,6.551515152,0.67,400,1.9,,,
2932,122,108,16,8,471.3333333,6.439393939,0.7,400,1.9,,,
2933,122,108,17,7,224.4444444,6.224242424,0.76,400,1.9,,,
2934,122,108,18,7.2,157.1111111,6.078787879,0.78,400,1.9,,,
2935,122,108,19,6.4,22.44444444,5.915151515,0.87,400,1.9,,,
2936,122,108,20,6.2,0,5.724242424,0.91,400,1.9,,,
2937,122,108,21,4.9,0,5.554545455,0.93,400,1.9,,,
2938,122,108,22,5,0,5.375757576,0.96,400,1.9,,,
2939,122,108,23,5.1,0,5.251515152,0.97,400,1.9,,,
2940,122,108,24,4.7,0,5.184848485,0.96,400,1.6,,,
2941,122,109,1,4.3,0,5.254545455,0.97,400,1.6,,,
2942,122,109,2,3.6,0,5.375757576,0.98,400,1.6,,,
2943,122,109,3,2.5,0,5.560606061,0.99,400,1.6,,,
2944,122,109,4,1.9,0,5.803030303,0.99,400,1.6,,,
2945,122,109,5,1.1,0,6.009090909,0.99,400,1.6,,,
2946,122,109,6,2.5,123.4444444,6.221212121,1,400,1.6,,,
2947,122,109,7,3.4,280.5555556,6.521212121,0.99,400,1.6,,,
2948,122,109,8,6,718.2222222,6.824242424,0.9,400,1.6,,,
2949,122,109,9,7.7,1010,7.039393939,0.87,400,1.6,,,
2950,122,109,10,8.8,1245.666667,7.178787879,0.75,400,1.6,,,
2951,122,109,11,10.4,1402.777778,7.245454545,0.63,400,1.6,,,
2952,123,109,12,8.9,1144.666667,7.227272727,0.66,400,1.6,,,
2953,123,109,13,9.8,1043.666667,7.172727273,0.58,400,1.6,,,
2954,123,109,14,11.5,1346.666667,7.115151515,0.53,400,1.6,,,
2955,123,109,15,11.9,1447.666667,7.093939394,0.46,400,1.6,,,
2956,123,109,16,11.7,830.4444444,6.990909091,0.5,400,1.6,,,
2957,123,109,17,10.6,516.2222222,6.921212121,0.58,400,1.6,,,
2958,123,109,18,9.7,145.8888889,6.866666667,0.61,400,1.6,,,
2959,123,109,19,9.2,33.66666667,6.839393939,0.65,400,1.6,,,
2960,123,109,20,8.5,0,6.806060606,0.67,400,1.6,,,
2961,123,109,21,8.6,0,6.803030303,0.65,400,1.6,,,
2962,123,109,22,8.1,0,6.818181818,0.68,400,1.6,,,
2963,123,109,23,6.7,0,6.884848485,0.86,400,1.6,,,
2964,123,109,24,6.5,0,6.966666667,0.89,400,4.4,,,
2965,123,110,1,6.2,0,7.06969697,0.91,400,4.4,,,
2966,123,110,2,6.1,0,7.206060606,0.93,400,4.4,,,
2967,123,110,3,6.1,0,7.36969697,0.95,400,4.4,,,
2968,123,110,4,6.3,0,7.575757576,0.97,400,4.4,,,
2969,123,110,5,6.7,0,7.824242424,0.98,400,4.4,,,
2970,123,110,6,7.1,11.22222222,8.106060606,0.99,400,4.4,,,
2971,123,110,7,7.7,78.55555556,8.427272727,1,400,4.4,,,
2972,123,110,8,8.5,213.2222222,8.715151515,1,400,4.4,,,
2973,123,110,9,9.2,314.2222222,8.972727273,1,400,4.4,,,
2974,123,110,10,9.7,258.1111111,9.160606061,0.99,400,4.4,,,
2975,123,110,11,10.4,269.3333333,9.3,0.99,400,4.4,,,
2976,124,110,12,10.7,336.6666667,9.409090909,0.98,400,4.4,,,
2977,124,110,13,11.2,224.4444444,9.475757576,0.98,400,4.4,,,
2978,124,110,14,11.7,314.2222222,9.587878788,0.97,400,4.4,,,
2979,124,110,15,12,325.4444444,9.672727273,0.98,400,4.4,,,
2980,124,110,16,11.9,179.5555556,9.690909091,0.98,400,4.4,,,
2981,124,110,17,12.2,89.77777778,9.675757576,0.99,400,4.4,,,
2982,124,110,18,12.3,33.66666667,9.654545455,0.99,400,4.4,,,
2983,124,110,19,12.4,11.22222222,9.651515152,0.99,400,4.4,,,
2984,124,110,20,12.6,0,9.663636364,0.98,400,4.4,,,
2985,124,110,21,12.6,0,9.687878788,0.98,400,4.4,,,
2986,124,110,22,12.6,0,9.706060606,0.96,400,4.4,,,
2987,124,110,23,12.1,0,9.742424242,0.96,400,4.4,,,
2988,124,110,24,11.4,0,9.827272727,0.95,400,5.1,,,
2989,124,111,1,11,0,9.960606061,0.94,400,5.1,,,
2990,124,111,2,10.5,0,10.13939394,0.91,400,5.1,,,
2991,124,111,3,10.1,0,10.32727273,0.94,400,5.1,,,
2992,124,111,4,10,0,10.58181818,0.95,400,5.1,,,
2993,124,111,5,9.1,0,10.87575758,0.93,400,5.1,,,
2994,124,111,6,9.8,123.4444444,11.09090909,0.93,400,5.1,,,
2995,124,111,7,10.9,460.1111111,11.32121212,0.9,400,5.1,,,
2996,124,111,8,11.1,785.5555556,11.36363636,0.87,400,5.1,,,
2997,124,111,9,12.4,841.6666667,11.52727273,0.87,400,5.1,,,
2998,124,111,10,12.4,897.7777778,11.65454545,0.8,400,5.1,,,
2999,124,111,11,14.5,1178.333333,11.74848485,0.78,400,5.1,,,
3000,125,111,12,15.8,1122.222222,11.80909091,0.78,400,5.1,,,
3001,125,111,13,13.4,763.1111111,11.82727273,0.83,400,5.1,,,
3002,125,111,14,14.3,1256.888889,11.82424242,0.68,400,5.1,,,
3003,125,111,15,8.5,572.3333333,11.7969697,0.71,400,5.1,,,
3004,125,111,16,13.1,819.2222222,11.74242424,0.83,400,5.1,,,
3005,125,111,17,12.7,527.4444444,11.66969697,0.79,400,5.1,,,
3006,125,111,18,12.3,325.4444444,11.59393939,0.79,400,5.1,,,
3007,125,111,19,11.7,56.11111111,11.50606061,0.85,400,5.1,,,
3008,125,111,20,11,0,11.40606061,0.84,400,5.1,,,
3009,125,111,21,10.6,0,11.2969697,0.8,400,5.1,,,
3010,125,111,22,10.3,0,11.17272727,0.83,400,5.1,,,
3011,125,111,23,9.9,0,11.05757576,0.86,400,5.1,,,
3012,125,111,24,9.6,0,10.99393939,0.86,400,4.3,,,
3013,125,112,1,9.4,0,10.97575758,0.88,400,4.3,,,
3014,125,112,2,9.3,0,11.0030303,0.89,400,4.3,,,
3015,125,112,3,9,0,11.02424242,0.9,400,4.3,,,
3016,125,112,4,8.8,0,11.10909091,0.92,400,4.3,,,
3017,125,112,5,8.5,0,11.18787879,0.91,400,4.3,,,
3018,125,112,6,8.8,67.33333333,11.32727273,0.9,400,4.3,,,
3019,125,112,7,10.5,370.3333333,11.43636364,0.85,400,4.3,,,
3020,125,112,8,11.5,796.7777778,11.56969697,0.78,400,4.3,,,
3021,125,112,9,12.3,920.2222222,11.65757576,0.75,400,4.3,,,
3022,125,112,10,11.7,909,11.7030303,0.77,400,4.3,,,
3023,125,112,11,13.3,1111,11.69090909,0.68,400,4.3,,,
3024,126,112,12,12.7,1054.888889,11.67878788,0.68,400,4.3,,,
3025,126,112,13,14.6,1335.444444,11.54848485,0.67,400,4.3,,,
3026,126,112,14,12.7,931.4444444,11.33333333,0.67,400,4.3,,,
3027,126,112,15,14.2,1077.333333,11.18484848,0.61,400,4.3,,,
3028,126,112,16,13.8,909,10.99393939,0.64,400,4.3,,,
3029,126,112,17,12.6,594.7777778,10.94848485,0.68,400,4.3,,,
3030,126,112,18,12,258.1111111,10.78484848,0.68,400,4.3,,,
3031,126,112,19,12,44.88888889,10.60909091,0.68,400,4.3,,,
3032,126,112,20,10.2,0,10.45151515,0.76,400,4.3,,,
3033,126,112,21,8.7,0,10.31212121,0.83,400,4.3,,,
3034,126,112,22,8.5,0,10.2,0.83,400,4.3,,,
3035,126,112,23,8,0,10.11515152,0.85,400,4.3,,,
3036,126,112,24,7,0,10.05151515,0.85,400,4.1,,,
3037,126,113,1,7.7,0,10.04545455,0.91,400,4.1,,,
3038,126,113,2,6.9,0,10.03939394,0.94,400,4.1,,,
3039,126,113,3,7.1,0,10.03939394,0.96,400,4.1,,,
3040,126,113,4,7.1,0,10.08484848,0.97,400,4.1,,,
3041,126,113,5,7.3,0,10.18181818,0.98,400,4.1,,,
3042,126,113,6,7.8,56.11111111,10.29090909,0.97,400,4.1,,,
3043,126,113,7,8.2,112.2222222,10.43939394,0.96,400,4.1,,,
3044,126,113,8,9.7,415.2222222,10.54545455,0.94,400,4.1,,,
3045,126,113,9,9.4,325.4444444,10.53636364,0.91,400,4.1,,,
3046,126,113,10,9.4,291.7777778,10.45454545,0.94,400,4.1,,,
3047,126,113,11,10.8,460.1111111,10.35151515,0.91,400,4.1,,,
3048,127,113,12,12.2,774.3333333,10.28484848,0.84,400,4.1,,,
3049,127,113,13,12.4,381.5555556,10.18787879,0.8,400,4.1,,,
3050,127,113,14,13.4,549.8888889,10.08181818,0.7,400,4.1,,,
3051,127,113,15,12.3,246.8888889,9.884848485,0.71,400,4.1,,,
3052,127,113,16,10.2,112.2222222,9.727272727,0.8,400,4.1,,,
3053,127,113,17,8.8,246.8888889,9.524242424,0.94,400,4.1,,,
3054,127,113,18,8.9,56.11111111,9.33030303,0.97,400,4.1,,,
3055,127,113,19,9.5,33.66666667,9.181818182,0.98,400,4.1,,,
3056,127,113,20,10.1,0,9.051515152,0.98,400,4.1,,,
3057,127,113,21,9.2,0,8.921212121,0.97,400,4.1,,,
3058,127,113,22,8.1,0,8.839393939,0.98,400,4.1,,,
3059,127,113,23,7.5,0,8.809090909,0.95,400,4.1,,,
3060,127,113,24,7.5,0,8.784848485,0.92,400,3.1,,,
3061,127,114,1,7.4,0,8.793939394,0.93,400,3.1,,,
3062,127,114,2,7.7,0,8.875757576,0.96,400,3.1,,,
3063,127,114,3,7.7,0,8.975757576,0.97,400,3.1,,,
3064,127,114,4,7.7,0,9.121212121,0.96,400,3.1,,,
3065,127,114,5,7.5,0,9.290909091,0.95,400,3.1,,,
3066,127,114,6,7.7,22.44444444,9.424242424,0.94,400,3.1,,,
3067,127,114,7,7.7,89.77777778,9.578787879,0.95,400,3.1,,,
3068,127,114,8,8.3,145.8888889,9.742424242,0.92,400,3.1,,,
3069,127,114,9,9.7,381.5555556,9.881818182,0.88,400,3.1,,,
3070,127,114,10,11,628.4444444,9.978787879,0.81,400,3.1,,,
3071,127,114,11,11.7,763.1111111,10.04848485,0.79,400,3.1,,,
3072,128,114,12,12.7,942.6666667,10.07575758,0.79,400,3.1,,,
3073,128,114,13,11.5,1324.222222,10.03636364,0.77,400,3.1,,,
3074,128,114,14,12.4,1155.888889,9.915151515,0.68,400,3.1,,,
3075,128,114,15,13.2,1492.555556,9.745454545,0.62,400,3.1,,,
3076,128,114,16,12.8,920.2222222,9.548484848,0.67,400,3.1,,,
3077,128,114,17,12.9,460.1111111,9.351515152,0.71,400,3.1,,,
3078,128,114,18,11.7,336.6666667,9.221212121,0.76,400,3.1,,,
3079,128,114,19,10.3,67.33333333,9.084848485,0.8,400,3.1,,,
3080,128,114,20,9.5,0,8.954545455,0.83,400,3.1,,,
3081,128,114,21,8.2,0,8.8,0.89,400,3.1,,,
3082,128,114,22,6.8,0,8.615151515,0.92,400,3.1,,,
3083,128,114,23,6.9,0,8.536363636,0.96,400,3.1,,,
3084,128,114,24,5.8,0,8.596969697,0.97,400,2,,,
3085,128,115,1,5.9,0,8.742424242,0.99,400,2,,,
3086,128,115,2,4.3,0,8.912121212,0.99,400,2,,,
3087,128,115,3,4.6,0,9.121212121,1,400,2,,,
3088,128,115,4,4.4,0,9.315151515,1,400,2,,,
3089,128,115,5,4,11.22222222,9.548484848,1,400,2,,,
3090,128,115,6,6.6,224.4444444,9.806060606,1,400,2,,,
3091,128,115,7,10.1,561.1111111,10.06969697,0.91,400,2,,,
3092,128,115,8,12.3,864.1111111,10.30909091,0.74,400,2,,,
3093,128,115,9,13.1,1200.777778,10.53636364,0.69,400,2,,,
3094,128,115,10,14.3,1537.444444,10.73636364,0.62,400,2,,,
3095,128,115,11,14.1,1447.666667,10.86666667,0.61,400,2,,,
3096,129,115,12,15.4,1537.444444,10.91818182,0.59,400,2,,,
3097,129,115,13,16.2,1526.222222,10.93939394,0.57,400,2,,,
3098,129,115,14,16.2,1043.666667,10.91212121,0.54,400,2,,,
3099,129,115,15,15.6,987.5555556,10.9030303,0.53,400,2,,,
3100,129,115,16,15.2,527.4444444,10.87575758,0.53,400,2,,,
3101,129,115,17,14.9,303,10.81818182,0.53,400,2,,,
3102,129,115,18,14,123.4444444,10.73939394,0.63,400,2,,,
3103,129,115,19,12.7,22.44444444,10.65454545,0.69,400,2,,,
3104,129,115,20,12.4,0,10.6,0.73,400,2,,,
3105,129,115,21,11.8,0,10.58787879,0.76,400,2,,,
3106,129,115,22,11.2,0,10.6030303,0.76,400,2,,,
3107,129,115,23,11.5,0,10.66363636,0.81,400,2,,,
3108,129,115,24,11.3,0,10.7969697,0.83,400,1.3,,,
3109,129,116,1,10.2,0,10.95151515,0.89,400,1.3,,,
3110,129,116,2,10.1,0,11.16969697,0.93,400,1.3,,,
3111,129,116,3,9.9,0,11.48787879,0.95,400,1.3,,,
3112,129,116,4,9.9,0,11.86969697,0.96,400,1.3,,,
3113,129,116,5,10,0,12.22424242,0.96,400,1.3,,,
3114,129,116,6,10.2,56.11111111,12.57272727,0.96,400,1.3,,,
3115,129,116,7,11.2,157.1111111,12.91212121,0.94,400,1.3,,,
3116,129,116,8,12,213.2222222,13.12121212,0.91,400,1.3,,,
3117,129,116,9,13,370.3333333,13.22727273,0.86,400,1.3,,,
3118,129,116,10,16.4,998.7777778,13.25757576,0.69,400,1.3,,,
3119,129,116,11,16.9,852.8888889,13.27272727,0.69,400,1.3,,,
3120,130,116,12,16.3,785.5555556,13.22121212,0.67,400,1.3,,,
3121,130,116,13,15.9,381.5555556,13.15151515,0.76,400,1.3,,,
3122,130,116,14,15.2,336.6666667,13.04242424,0.83,400,1.3,,,
3123,130,116,15,13.5,168.3333333,12.8969697,0.93,400,1.3,,,
3124,130,116,16,13.6,291.7777778,12.74545455,0.89,400,1.3,,,
3125,130,116,17,13.3,134.6666667,12.61212121,0.93,400,1.3,,,
3126,130,116,18,13.6,44.88888889,12.49090909,0.92,400,1.3,,,
3127,130,116,19,12.6,11.22222222,12.36060606,0.96,400,1.3,,,
3128,130,116,20,11.8,0,12.26060606,0.97,400,1.3,,,
3129,130,116,21,11.8,0,12.1969697,0.91,400,1.3,,,
3130,130,116,22,11.4,0,12.13333333,0.92,400,1.3,,,
3131,130,116,23,11.2,0,12.10606061,0.94,400,1.3,,,
3132,130,116,24,11.2,0,12.12727273,0.94,400,3.6,,,
3133,130,117,1,11.2,0,12.17878788,0.92,400,3.6,,,
3134,130,117,2,10.6,0,12.27878788,0.95,400,3.6,,,
3135,130,117,3,10.7,0,12.42424242,0.95,400,3.6,,,
3136,130,117,4,10.6,0,12.63939394,0.93,400,3.6,,,
3137,130,117,5,10.3,0,12.8969697,0.94,400,3.6,,,
3138,130,117,6,10.9,89.77777778,13.18181818,0.96,400,3.6,,,
3139,130,117,7,11.9,280.5555556,13.43333333,0.94,400,3.6,,,
3140,130,117,8,13.2,505,13.72121212,0.89,400,3.6,,,
3141,130,117,9,14.6,942.6666667,13.95454545,0.87,400,3.6,,,
3142,130,117,10,15,1088.555556,14.12727273,0.84,400,3.6,,,
3143,130,117,11,17.2,931.4444444,14.23333333,0.78,400,3.6,,,
3144,131,117,12,18.4,1492.555556,14.19090909,0.68,400,3.6,,,
3145,131,117,13,19.3,1021.222222,14.1,0.69,400,3.6,,,
3146,131,117,14,18.3,1032.444444,14.01212121,0.63,400,3.6,,,
3147,131,117,15,19.7,987.5555556,13.92727273,0.6,400,3.6,,,
3148,131,117,16,18.9,1043.666667,13.83333333,0.61,400,3.6,,,
3149,131,117,17,17.7,628.4444444,13.77575758,0.62,400,3.6,,,
3150,131,117,18,16.5,291.7777778,13.7,0.63,400,3.6,,,
3151,131,117,19,15,67.33333333,13.61515152,0.67,400,3.6,,,
3152,131,117,20,13.9,0,13.48484848,0.75,400,3.6,,,
3153,131,117,21,13.4,0,13.37575758,0.78,400,3.6,,,
3154,131,117,22,13.1,0,13.3030303,0.8,400,3.6,,,
3155,131,117,23,12.1,0,13.24242424,0.82,400,3.6,,,
3156,131,117,24,11.6,0,13.25151515,0.86,400,4.3,,,
3157,131,118,1,11.1,0,13.30909091,0.88,400,4.3,,,
3158,131,118,2,10.5,0,13.41212121,0.9,400,4.3,,,
3159,131,118,3,9.3,0,13.56060606,0.93,400,4.3,,,
3160,131,118,4,9,0,13.73333333,0.95,400,4.3,,,
3161,131,118,5,9.4,11.22222222,13.92121212,0.96,400,4.3,,,
3162,131,118,6,9.8,145.8888889,14.12121212,0.96,400,4.3,,,
3163,131,118,7,11.7,471.3333333,14.33636364,0.9,400,4.3,,,
3164,131,118,8,13.1,819.2222222,14.51818182,0.82,400,4.3,,,
3165,131,118,9,14.6,1155.888889,14.65757576,0.76,400,4.3,,,
3166,131,118,10,16.1,1559.888889,14.73333333,0.71,400,4.3,,,
3167,131,118,11,16.3,1515,14.75454545,0.66,400,4.3,,,
3168,132,118,12,16.9,1638.444444,14.73030303,0.65,400,4.3,,,
3169,132,118,13,17.2,1515,14.61212121,0.65,400,4.3,,,
3170,132,118,14,17.4,1189.555556,14.44242424,0.63,400,4.3,,,
3171,132,118,15,16.9,1178.333333,14.26666667,0.63,400,4.3,,,
3172,132,118,16,16.5,740.6666667,14.11212121,0.64,400,4.3,,,
3173,132,118,17,15.7,527.4444444,13.90606061,0.69,400,4.3,,,
3174,132,118,18,15.3,190.7777778,13.67575758,0.69,400,4.3,,,
3175,132,118,19,14.2,67.33333333,13.46363636,0.74,400,4.3,,,
3176,132,118,20,13.3,0,13.27575758,0.78,400,4.3,,,
3177,132,118,21,12.8,0,13.13333333,0.82,400,4.3,,,
3178,132,118,22,13.5,0,13.03939394,0.8,400,4.3,,,
3179,132,118,23,13.2,0,12.96666667,0.77,400,4.3,,,
3180,132,118,24,12.9,0,12.93636364,0.8,400,4,,,
3181,132,119,1,11.3,0,12.95757576,0.83,400,4,,,
3182,132,119,2,10.7,0,13.01818182,0.9,400,4,,,
3183,132,119,3,10.3,0,13.11818182,0.93,400,4,,,
3184,132,119,4,10.3,0,13.28787879,0.92,400,4,,,
3185,132,119,5,10.8,11.22222222,13.50909091,0.88,400,4,,,
3186,132,119,6,11,123.4444444,13.73939394,0.87,400,4,,,
3187,132,119,7,12.1,303,13.98484848,0.86,400,4,,,
3188,132,119,8,12.8,516.2222222,14.23939394,0.82,400,4,,,
3189,132,119,9,13.6,606,14.4,0.79,400,4,,,
3190,132,119,10,14.4,516.2222222,14.49090909,0.78,400,4,,,
3191,132,119,11,16.1,864.1111111,14.53333333,0.71,400,4,,,
3192,133,119,12,16.6,1402.777778,14.48787879,0.75,400,4,,,
3193,133,119,13,16.6,1088.555556,14.41818182,0.7,400,4,,,
3194,133,119,14,17.5,1111,14.3030303,0.69,400,4,,,
3195,133,119,15,18.2,875.3333333,14.13939394,0.67,400,4,,,
3196,133,119,16,17,628.4444444,13.93939394,0.71,400,4,,,
3197,133,119,17,16.1,168.3333333,13.70606061,0.76,400,4,,,
3198,133,119,18,16,134.6666667,13.5030303,0.77,400,4,,,
3199,133,119,19,14.6,56.11111111,13.29090909,0.79,400,4,,,
3200,133,119,20,14,0,13.09090909,0.82,400,4,,,
3201,133,119,21,13.1,0,12.9,0.83,400,4,,,
3202,133,119,22,11.8,0,12.72424242,0.86,400,4,,,
3203,133,119,23,10.8,0,12.60909091,0.88,400,4,,,
3204,133,119,24,9.2,0,12.54848485,0.9,400,1.5,,,
3205,133,120,1,9.8,0,12.53030303,0.94,400,1.5,,,
3206,133,120,2,8.7,0,12.58787879,0.96,400,1.5,,,
3207,133,120,3,8.7,0,12.74545455,0.96,400,1.5,,,
3208,133,120,4,7.9,0,12.97575758,0.96,400,1.5,,,
3209,133,120,5,7.5,11.22222222,13.25454545,0.98,400,1.5,,,
3210,133,120,6,9,112.2222222,13.55454545,0.99,400,1.5,,,
3211,133,120,7,11.5,404,13.86363636,0.96,400,1.5,,,
3212,133,120,8,12.6,718.2222222,14.16666667,0.85,400,1.5,,,
3213,133,120,9,14.8,830.4444444,14.42121212,0.81,400,1.5,,,
3214,133,120,10,16.5,1189.555556,14.63333333,0.73,400,1.5,,,
3215,133,120,11,18.3,1571.111111,14.76969697,0.72,400,1.5,,,
3216,134,120,12,19.5,1672.111111,14.81515152,0.66,400,1.5,,,
3217,134,120,13,20.2,1537.444444,14.82121212,0.64,400,1.5,,,
3218,134,120,14,21,1458.888889,14.79090909,0.63,400,1.5,,,
3219,134,120,15,21,1245.666667,14.70909091,0.6,400,1.5,,,
3220,134,120,16,20.5,1111,14.60606061,0.57,400,1.5,,,
3221,134,120,17,19.8,763.1111111,14.43939394,0.6,400,1.5,,,
3222,134,120,18,18.1,404,14.28181818,0.66,400,1.5,,,
3223,134,120,19,15.9,78.55555556,14.13939394,0.71,400,1.5,,,
3224,134,120,20,16.3,0,13.98181818,0.79,400,1.5,,,
3225,134,120,21,15.6,0,13.84545455,0.82,400,1.5,,,
3226,134,120,22,13.9,0,13.6969697,0.88,400,1.5,,,
3227,134,120,23,14.1,0,13.63030303,0.92,400,1.5,,,
3228,134,120,24,12.7,0,13.66969697,0.91,400,1.6,,,
3229,134,121,1,11.8,0,13.80909091,0.94,400,1.6,,,
3230,134,121,2,11.4,0,14.05757576,0.97,400,1.6,,,
3231,134,121,3,10.8,0,14.32121212,0.98,400,1.6,,,
3232,134,121,4,10.1,0,14.65151515,0.99,400,1.6,,,
3233,134,121,5,9.1,11.22222222,15.01818182,1,400,1.6,,,
3234,134,121,6,10.9,190.7777778,15.43636364,1,400,1.6,,,
3235,134,121,7,13.1,527.4444444,15.85757576,0.98,400,1.6,,,
3236,134,121,8,15.4,886.5555556,16.23636364,0.84,400,1.6,,,
3237,134,121,9,17.4,1122.222222,16.53636364,0.72,400,1.6,,,
3238,134,121,10,18.5,1380.333333,16.76060606,0.59,400,1.6,,,
3239,134,121,11,19.6,1672.111111,16.86969697,0.56,400,1.6,,,
3240,135,121,12,20.8,1840.444444,16.84545455,0.47,400,1.6,,,
3241,135,121,13,21.7,1739.444444,16.75151515,0.48,400,1.6,,,
3242,135,121,14,21.4,1548.666667,16.54545455,0.5,400,1.6,,,
3243,135,121,15,21.5,1436.444444,16.31212121,0.49,400,1.6,,,
3244,135,121,16,21.4,1111,16.00606061,0.51,400,1.6,,,
3245,135,121,17,20,740.6666667,15.69393939,0.58,400,1.6,,,
3246,135,121,18,18.4,381.5555556,15.36969697,0.59,400,1.6,,,
3247,135,121,19,15.7,78.55555556,15.05454545,0.68,400,1.6,,,
3248,135,121,20,15.2,0,14.76060606,0.66,400,1.6,,,
3249,135,121,21,12.7,0,14.51818182,0.75,400,1.6,,,
3250,135,121,22,12.5,0,14.25454545,0.76,400,1.6,,,
3251,135,121,23,10.9,0,14.1,0.79,400,1.6,,,
3252,135,121,24,10.7,0,14.06666667,0.82,400,1.2,,,
3253,135,122,1,9.8,0,14.12121212,0.77,400,1.2,,,
3254,135,122,2,9.4,0,14.28181818,0.9,400,1.2,,,
3255,135,122,3,8.4,0,14.50606061,0.92,400,1.2,,,
3256,135,122,4,7.9,0,14.77272727,0.95,400,1.2,,,
3257,135,122,5,7.6,22.44444444,15.08787879,0.96,400,1.2,,,
3258,135,122,6,10.5,224.4444444,15.45454545,0.93,400,1.2,,,
3259,135,122,7,12.8,538.6666667,15.87272727,0.85,400,1.2,,,
3260,135,122,8,15.9,864.1111111,16.21212121,0.74,400,1.2,,,
3261,135,122,9,18,1212,16.49393939,0.64,400,1.2,,,
3262,135,122,10,19.2,1492.555556,16.67878788,0.6,400,1.2,,,
3263,135,122,11,20.2,1683.333333,16.75151515,0.61,400,1.2,,,
3264,136,122,12,21.2,1761.888889,16.73030303,0.55,400,1.2,,,
3265,136,122,13,22.2,1750.666667,16.61818182,0.5,400,1.2,,,
3266,136,122,14,22.9,1649.666667,16.44545455,0.43,400,1.2,,,
3267,136,122,15,22.1,1414,16.22424242,0.47,400,1.2,,,
3268,136,122,16,22.4,1043.666667,15.96363636,0.49,400,1.2,,,
3269,136,122,17,21.5,707,15.7,0.47,400,1.2,,,
3270,136,122,18,19.8,359.1111111,15.4030303,0.55,400,1.2,,,
3271,136,122,19,17.8,89.77777778,15.12727273,0.59,400,1.2,,,
3272,136,122,20,15.9,0,14.88181818,0.65,400,1.2,,,
3273,136,122,21,15.1,0,14.68484848,0.68,400,1.2,,,
3274,136,122,22,14.4,0,14.51515152,0.76,400,1.2,,,
3275,136,122,23,12.8,0,14.49393939,0.83,400,1.2,,,
3276,136,122,24,12.8,0,14.56363636,0.82,400,2.8,,,
3277,136,123,1,11.6,0,14.74242424,0.85,400,2.8,,,
3278,136,123,2,10.9,0,15,0.86,400,2.8,,,
3279,136,123,3,10.3,0,15.32424242,0.89,400,2.8,,,
3280,136,123,4,9.2,0,15.68787879,0.91,400,2.8,,,
3281,136,123,5,9.6,22.44444444,16.1030303,0.91,400,2.8,,,
3282,136,123,6,12,190.7777778,16.55151515,0.89,400,2.8,,,
3283,136,123,7,14.8,527.4444444,16.96969697,0.79,400,2.8,,,
3284,136,123,8,16.8,841.6666667,17.31515152,0.73,400,2.8,,,
3285,136,123,9,19.2,1178.333333,17.55151515,0.65,400,2.8,,,
3286,136,123,10,20.5,1470.111111,17.70909091,0.57,400,2.8,,,
3287,136,123,11,21.4,1683.333333,17.76363636,0.52,400,2.8,,,
3288,137,123,12,22.1,1806.777778,17.73636364,0.52,400,2.8,,,
3289,137,123,13,22.7,1593.555556,17.65454545,0.5,400,2.8,,,
3290,137,123,14,21.4,1335.444444,17.5,0.56,400,2.8,,,
3291,137,123,15,21.9,1245.666667,17.3,0.47,400,2.8,,,
3292,137,123,16,20.6,695.7777778,17.04242424,0.53,400,2.8,,,
3293,137,123,17,21.1,650.8888889,16.7969697,0.51,400,2.8,,,
3294,137,123,18,19.8,291.7777778,16.54848485,0.52,400,2.8,,,
3295,137,123,19,18.3,56.11111111,16.31212121,0.56,400,2.8,,,
3296,137,123,20,17.5,0,16.11515152,0.55,400,2.8,,,
3297,137,123,21,16.1,0,15.96969697,0.57,400,2.8,,,
3298,137,123,22,15.6,0,15.87272727,0.58,400,2.8,,,
3299,137,123,23,14.4,0,15.7969697,0.64,400,2.8,,,
3300,137,123,24,14,0,15.74545455,0.7,400,2.7,,,
3301,137,124,1,14.2,0,15.75757576,0.66,400,2.7,,,
3302,137,124,2,13.7,0,15.77878788,0.69,400,2.7,,,
3303,137,124,3,13.3,0,15.86060606,0.7,400,2.7,,,
3304,137,124,4,13,0,15.97878788,0.71,400,2.7,,,
3305,137,124,5,12.7,0,16.13030303,0.72,400,2.7,,,
3306,137,124,6,12.6,89.77777778,16.34848485,0.72,400,2.7,,,
3307,137,124,7,12.7,202,16.57575758,0.73,400,2.7,,,
3308,137,124,8,13.2,269.3333333,16.72424242,0.72,400,2.7,,,
3309,137,124,9,13.5,291.7777778,16.8,0.71,400,2.7,,,
3310,137,124,10,14.3,516.2222222,16.81818182,0.7,400,2.7,,,
3311,137,124,11,14.8,437.6666667,16.75757576,0.7,400,2.7,,,
3312,138,124,12,15.3,505,16.61818182,0.69,400,2.7,,,
3313,138,124,13,16.4,684.5555556,16.42121212,0.66,400,2.7,,,
3314,138,124,14,17.1,763.1111111,16.18484848,0.67,400,2.7,,,
3315,138,124,15,16.9,763.1111111,15.9030303,0.66,400,2.7,,,
3316,138,124,16,17.3,639.6666667,15.62121212,0.66,400,2.7,,,
3317,138,124,17,17.4,606,15.30606061,0.65,400,2.7,,,
3318,138,124,18,17.2,303,15.05151515,0.67,400,2.7,,,
3319,138,124,19,15.9,78.55555556,14.72424242,0.67,400,2.7,,,
3320,138,124,20,14.9,0,14.41212121,0.71,400,2.7,,,
3321,138,124,21,14.3,0,14.14242424,0.76,400,2.7,,,
3322,138,124,22,13.4,0,13.89090909,0.82,400,2.7,,,
3323,138,124,23,12.1,0,13.69090909,0.85,400,2.7,,,
3324,138,124,24,11.5,0,13.64242424,0.86,400,1.6,,,
3325,138,125,1,12.2,0,13.7,0.83,400,1.6,,,
3326,138,125,2,10.3,0,13.8,0.89,400,1.6,,,
3327,138,125,3,9.5,0,13.93333333,0.92,400,1.6,,,
3328,138,125,4,9.4,0,14.11212121,0.96,400,1.6,,,
3329,138,125,5,9.2,11.22222222,14.29090909,0.96,400,1.6,,,
3330,138,125,6,9.5,112.2222222,14.47878788,0.96,400,1.6,,,
3331,138,125,7,14,426.4444444,14.6969697,0.88,400,1.6,,,
3332,138,125,8,16.3,785.5555556,14.91818182,0.71,400,1.6,,,
3333,138,125,9,17.3,931.4444444,15.10909091,0.72,400,1.6,,,
3334,138,125,10,18.6,1032.444444,15.21212121,0.71,400,1.6,,,
3335,138,125,11,19.6,1335.444444,15.26969697,0.69,400,1.6,,,
3336,139,125,12,19.2,942.6666667,15.27878788,0.67,400,1.6,,,
3337,139,125,13,19.2,942.6666667,15.25151515,0.69,400,1.6,,,
3338,139,125,14,19.9,1122.222222,15.20606061,0.66,400,1.6,,,
3339,139,125,15,19.9,987.5555556,15.10606061,0.68,400,1.6,,,
3340,139,125,16,19,796.7777778,15,0.71,400,1.6,,,
3341,139,125,17,16.6,460.1111111,14.9030303,0.82,400,1.6,,,
3342,139,125,18,15.4,168.3333333,14.8,0.82,400,1.6,,,
3343,139,125,19,14.6,67.33333333,14.69090909,0.86,400,1.6,,,
3344,139,125,20,13.9,0,14.57272727,0.89,400,1.6,,,
3345,139,125,21,13.8,0,14.47575758,0.91,400,1.6,,,
3346,139,125,22,13.1,0,14.4030303,0.93,400,1.6,,,
3347,139,125,23,13.6,0,14.35454545,0.95,400,1.6,,,
3348,139,125,24,13.7,0,14.36666667,0.96,400,2.2,,,
3349,139,126,1,13.9,0,14.45151515,0.94,400,2.2,,,
3350,139,126,2,13.8,0,14.56363636,0.92,400,2.2,,,
3351,139,126,3,13.3,0,14.6969697,0.9,400,2.2,,,
3352,139,126,4,12.7,0,14.91818182,0.9,400,2.2,,,
3353,139,126,5,12.5,0,15.18181818,0.91,400,2.2,,,
3354,139,126,6,12.7,78.55555556,15.47272727,0.84,400,2.2,,,
3355,139,126,7,13.8,246.8888889,15.78181818,0.83,400,2.2,,,
3356,139,126,8,14.9,830.4444444,16.09393939,0.7,400,2.2,,,
3357,139,126,9,15.2,1021.222222,16.26060606,0.66,400,2.2,,,
3358,139,126,10,16.6,1178.333333,16.35454545,0.65,400,2.2,,,
3359,139,126,11,17.6,1627.222222,16.36666667,0.63,400,2.2,,,
3360,140,126,12,18.2,1728.222222,16.29090909,0.57,400,2.2,,,
3361,140,126,13,19,1773.111111,16.15757576,0.57,400,2.2,,,
3362,140,126,14,19.4,1503.777778,16.00909091,0.57,400,2.2,,,
3363,140,126,15,19.8,1155.888889,15.80909091,0.55,400,2.2,,,
3364,140,126,16,19.5,1066.111111,15.57575758,0.57,400,2.2,,,
3365,140,126,17,19.4,650.8888889,15.35151515,0.62,400,2.2,,,
3366,140,126,18,17.7,392.7777778,15.14545455,0.64,400,2.2,,,
3367,140,126,19,16.1,78.55555556,15.02121212,0.72,400,2.2,,,
3368,140,126,20,15.2,0,14.95151515,0.8,400,2.2,,,
3369,140,126,21,14.3,0,14.92727273,0.78,400,2.2,,,
3370,140,126,22,12.6,0,14.8969697,0.86,400,2.2,,,
3371,140,126,23,12.2,0,14.88484848,0.86,400,2.2,,,
3372,140,126,24,12.5,0,14.9030303,0.89,400,2.3,,,
3373,140,127,1,12.2,0,14.94848485,0.9,400,2.3,,,
3374,140,127,2,12.5,0,15.04242424,0.9,400,2.3,,,
3375,140,127,3,13.1,0,15.1969697,0.89,400,2.3,,,
3376,140,127,4,13.8,0,15.41212121,0.91,400,2.3,,,
3377,140,127,5,12.9,11.22222222,15.56969697,0.94,400,2.3,,,
3378,140,127,6,13.4,44.88888889,15.81212121,0.95,400,2.3,,,
3379,140,127,7,13.7,179.5555556,16.03333333,0.96,400,2.3,,,
3380,140,127,8,15.1,505,16.17878788,0.93,400,2.3,,,
3381,140,127,9,16.8,617.2222222,16.26363636,0.9,400,2.3,,,
3382,140,127,10,19,1526.222222,16.30606061,0.75,400,2.3,,,
3383,140,127,11,20.9,1324.222222,16.26666667,0.7,400,2.3,,,
3384,141,127,12,18.5,796.7777778,16.19090909,0.77,400,2.3,,,
3385,141,127,13,20.7,1111,16.04545455,0.78,400,2.3,,,
3386,141,127,14,19.8,920.2222222,15.9,0.75,400,2.3,,,
3387,141,127,15,17.5,44.88888889,15.70909091,0.83,400,2.3,,,
3388,141,127,16,16.6,224.4444444,15.50909091,0.92,400,2.3,,,
3389,141,127,17,16.3,280.5555556,15.28787879,0.95,400,2.3,,,
3390,141,127,18,13.9,78.55555556,15.07878788,0.94,400,2.3,,,
3391,141,127,19,14.1,78.55555556,14.84242424,0.96,400,2.3,,,
3392,141,127,20,12.8,0,14.62121212,0.97,400,2.3,,,
3393,141,127,21,13.4,0,14.42424242,0.99,400,2.3,,,
3394,141,127,22,12.7,0,14.24242424,0.98,400,2.3,,,
3395,141,127,23,12.8,0,14.0969697,0.99,400,2.3,,,
3396,141,127,24,12.5,0,14.03030303,0.99,400,2.8,,,
3397,141,128,1,12.6,0,14.02727273,0.98,400,2.8,,,
3398,141,128,2,11.6,0,14.06363636,0.96,400,2.8,,,
3399,141,128,3,10.4,0,14.11818182,0.98,400,2.8,,,
3400,141,128,4,9.6,0,14.18484848,0.97,400,2.8,,,
3401,141,128,5,9.2,22.44444444,14.24545455,0.98,400,2.8,,,
3402,141,128,6,9.5,145.8888889,14.27878788,0.98,400,2.8,,,
3403,141,128,7,10.4,359.1111111,14.4030303,0.96,400,2.8,,,
3404,141,128,8,12.1,953.8888889,14.53939394,0.86,400,2.8,,,
3405,141,128,9,13.7,1279.333333,14.65454545,0.81,400,2.8,,,
3406,141,128,10,14,1380.333333,14.72424242,0.77,400,2.8,,,
3407,141,128,11,14.7,1043.666667,14.71818182,0.74,400,2.8,,,
3408,142,128,12,15.1,1447.666667,14.58787879,0.7,400,2.8,,,
3409,142,128,13,14.9,594.7777778,14.34848485,0.72,400,2.8,,,
3410,142,128,14,17,1481.333333,14.16060606,0.65,400,2.8,,,
3411,142,128,15,17.9,1324.222222,13.9,0.65,400,2.8,,,
3412,142,128,16,17.5,1066.111111,13.66363636,0.6,400,2.8,,,
3413,142,128,17,17.4,729.4444444,13.45454545,0.61,400,2.8,,,
3414,142,128,18,16.6,460.1111111,13.25757576,0.63,400,2.8,,,
3415,142,128,19,14.7,123.4444444,13.07575758,0.72,400,2.8,,,
3416,142,128,20,13,0,12.95757576,0.79,400,2.8,,,
3417,142,128,21,12.3,0,12.86060606,0.83,400,2.8,,,
3418,142,128,22,12.1,0,12.76969697,0.83,400,2.8,,,
3419,142,128,23,12,0,12.72121212,0.79,400,2.8,,,
3420,142,128,24,10.6,0,12.78787879,0.82,400,2.5,,,
3421,142,129,1,10.1,0,12.9030303,0.86,400,2.5,,,
3422,142,129,2,10.3,0,13.05454545,0.86,400,2.5,,,
3423,142,129,3,10,0,13.23939394,0.84,400,2.5,,,
3424,142,129,4,10.9,0,13.46969697,0.76,400,2.5,,,
3425,142,129,5,9.8,33.66666667,13.75757576,0.86,400,2.5,,,
3426,142,129,6,11.8,246.8888889,14.08787879,0.86,400,2.5,,,
3427,142,129,7,14.9,594.7777778,14.44545455,0.72,400,2.5,,,
3428,142,129,8,16.6,920.2222222,14.78787879,0.61,400,2.5,,,
3429,142,129,9,17.5,1279.333333,15.10606061,0.63,400,2.5,,,
3430,142,129,10,18.7,1537.444444,15.36363636,0.67,400,2.5,,,
3431,142,129,11,19.2,1829.222222,15.54242424,0.59,400,2.5,,,
3432,143,129,12,19.9,1907.777778,15.66060606,0.49,400,2.5,,,
3433,143,129,13,20.5,1874.111111,15.72121212,0.53,400,2.5,,,
3434,143,129,14,21,1683.333333,15.79393939,0.5,400,2.5,,,
3435,143,129,15,20.8,1200.777778,15.87878788,0.49,400,2.5,,,
3436,143,129,16,20.9,886.5555556,15.88484848,0.49,400,2.5,,,
3437,143,129,17,20.6,763.1111111,15.86666667,0.51,400,2.5,,,
3438,143,129,18,19.6,336.6666667,15.84242424,0.53,400,2.5,,,
3439,143,129,19,17.9,78.55555556,15.8030303,0.57,400,2.5,,,
3440,143,129,20,16.7,0,15.75454545,0.62,400,2.5,,,
3441,143,129,21,17.5,0,15.75454545,0.57,400,2.5,,,
3442,143,129,22,17.7,0,15.78484848,0.57,400,2.5,,,
3443,143,129,23,17.2,0,15.82121212,0.6,400,2.5,,,
3444,143,129,24,17.3,0,15.86666667,0.6,400,3.4,,,
3445,143,130,1,16.7,0,15.94848485,0.65,400,3.4,,,
3446,143,130,2,16.1,0,16.10606061,0.69,400,3.4,,,
3447,143,130,3,15,0,16.3030303,0.76,400,3.4,,,
3448,143,130,4,14.7,0,16.54545455,0.79,400,3.4,,,
3449,143,130,5,14,11.22222222,16.83939394,0.82,400,3.4,,,
3450,143,130,6,13.5,22.44444444,17.12121212,0.87,400,3.4,,,
3451,143,130,7,13.6,44.88888889,17.43030303,0.92,400,3.4,,,
3452,143,130,8,14.7,291.7777778,17.65151515,0.88,400,3.4,,,
3453,143,130,9,15.8,516.2222222,17.76666667,0.85,400,3.4,,,
3454,143,130,10,16.6,740.6666667,17.8030303,0.77,400,3.4,,,
3455,143,130,11,18.3,1189.555556,17.80606061,0.71,400,3.4,,,
3456,144,130,12,19.7,1705.777778,17.74545455,0.64,400,3.4,,,
3457,144,130,13,20.2,1503.777778,17.63939394,0.51,400,3.4,,,
3458,144,130,14,20,1694.555556,17.49090909,0.55,400,3.4,,,
3459,144,130,15,19.1,1167.111111,17.3030303,0.55,400,3.4,,,
3460,144,130,16,18.7,729.4444444,17.08787879,0.57,400,3.4,,,
3461,144,130,17,17.8,448.8888889,16.84545455,0.62,400,3.4,,,
3462,144,130,18,17.6,280.5555556,16.6030303,0.65,400,3.4,,,
3463,144,130,19,16.7,168.3333333,16.35454545,0.64,400,3.4,,,
3464,144,130,20,15.7,0,16.13333333,0.66,400,3.4,,,
3465,144,130,21,15,0,15.96060606,0.71,400,3.4,,,
3466,144,130,22,14.3,0,15.83030303,0.74,400,3.4,,,
3467,144,130,23,13.9,0,15.67272727,0.76,400,3.4,,,
3468,144,130,24,12.8,0,15.50909091,0.81,400,2.5,,,
3469,144,131,1,12.9,0,15.37878788,0.85,400,2.5,,,
3470,144,131,2,12.4,0,15.26666667,0.88,400,2.5,,,
3471,144,131,3,12.3,0,15.1969697,0.9,400,2.5,,,
3472,144,131,4,12.2,0,15.13939394,0.9,400,2.5,,,
3473,144,131,5,12.4,11.22222222,15.12121212,0.91,400,2.5,,,
3474,144,131,6,12.3,101,15.11818182,0.93,400,2.5,,,
3475,144,131,7,12.3,224.4444444,15.13939394,0.9,400,2.5,,,
3476,144,131,8,12.9,303,15.16666667,0.93,400,2.5,,,
3477,144,131,9,13.6,471.3333333,15.19090909,0.92,400,2.5,,,
3478,144,131,10,14.4,583.5555556,15.17575758,0.86,400,2.5,,,
3479,144,131,11,14.2,774.3333333,15.12727273,0.86,400,2.5,,,
3480,145,131,12,14.4,572.3333333,15.05454545,0.9,400,2.5,,,
3481,145,131,13,14.6,516.2222222,14.91212121,0.92,400,2.5,,,
3482,145,131,14,14.7,606,14.72121212,0.9,400,2.5,,,
3483,145,131,15,14.4,392.7777778,14.52424242,0.9,400,2.5,,,
3484,145,131,16,14.4,269.3333333,14.31515152,0.89,400,2.5,,,
3485,145,131,17,14.2,157.1111111,14.11212121,0.91,400,2.5,,,
3486,145,131,18,14.2,112.2222222,13.91212121,0.92,400,2.5,,,
3487,145,131,19,14.2,44.88888889,13.73939394,0.92,400,2.5,,,
3488,145,131,20,13.6,0,13.56363636,0.95,400,2.5,,,
3489,145,131,21,13.4,0,13.3969697,0.97,400,2.5,,,
3490,145,131,22,13.7,0,13.26969697,0.98,400,2.5,,,
3491,145,131,23,13.1,0,13.17575758,0.98,400,2.5,,,
3492,145,131,24,12.4,0,13.13636364,0.99,400,2.4,,,
3493,145,132,1,12.1,0,13.13636364,1,400,2.4,,,
3494,145,132,2,12.1,0,13.2030303,1,400,2.4,,,
3495,145,132,3,11.8,0,13.24545455,1,400,2.4,,,
3496,145,132,4,11.2,0,13.33636364,1,400,2.4,,,
3497,145,132,5,11.5,22.44444444,13.41515152,1,400,2.4,,,
3498,145,132,6,11.9,134.6666667,13.53030303,1,400,2.4,,,
3499,145,132,7,13,381.5555556,13.63333333,0.92,400,2.4,,,
3500,145,132,8,13.9,718.2222222,13.73030303,0.83,400,2.4,,,
3501,145,132,9,15,942.6666667,13.80909091,0.79,400,2.4,,,
3502,145,132,10,14.3,808,13.85757576,0.76,400,2.4,,,
3503,145,132,11,15.4,1133.444444,13.88181818,0.72,400,2.4,,,
3504,146,132,12,14.9,1077.333333,13.82121212,0.72,400,2.4,,,
3505,146,132,13,16,1122.222222,13.72121212,0.68,400,2.4,,,
3506,146,132,14,15.8,931.4444444,13.61212121,0.71,400,2.4,,,
3507,146,132,15,15.5,673.3333333,13.48484848,0.74,400,2.4,,,
3508,146,132,16,14.9,314.2222222,13.33636364,0.76,400,2.4,,,
3509,146,132,17,14.5,168.3333333,13.2,0.78,400,2.4,,,
3510,146,132,18,14.4,381.5555556,13.05757576,0.82,400,2.4,,,
3511,146,132,19,12.4,145.8888889,12.93030303,0.85,400,2.4,,,
3512,146,132,20,10.9,0,12.78484848,0.9,400,2.4,,,
3513,146,132,21,10.8,0,12.63636364,0.93,400,2.4,,,
3514,146,132,22,10.4,0,12.50909091,0.95,400,2.4,,,
3515,146,132,23,9.8,0,12.41515152,0.96,400,2.4,,,
3516,146,132,24,9.9,0,12.37272727,0.98,400,2.1,,,
3517,146,133,1,9.7,0,12.36666667,0.99,400,2.1,,,
3518,146,133,2,10,0,12.39090909,1,400,2.1,,,
3519,146,133,3,9.4,0,12.47878788,1,400,2.1,,,
3520,146,133,4,9.3,0,12.57272727,1,400,2.1,,,
3521,146,133,5,9.4,22.44444444,12.71818182,1,400,2.1,,,
3522,146,133,6,10.3,112.2222222,12.87272727,0.99,400,2.1,,,
3523,146,133,7,12.3,583.5555556,13.01515152,0.91,400,2.1,,,
3524,146,133,8,12.9,707,13.12727273,0.82,400,2.1,,,
3525,146,133,9,13.2,662.1111111,13.20606061,0.79,400,2.1,,,
3526,146,133,10,15,1167.111111,13.23636364,0.69,400,2.1,,,
3527,146,133,11,15.2,1167.111111,13.22121212,0.62,400,2.1,,,
3528,147,133,12,16.6,1593.555556,13.19393939,0.62,400,2.1,,,
3529,147,133,13,16.3,1571.111111,13.13333333,0.63,400,2.1,,,
3530,147,133,14,16.2,1099.777778,13.06969697,0.64,400,2.1,,,
3531,147,133,15,15.6,650.8888889,12.92727273,0.67,400,2.1,,,
3532,147,133,16,15.6,572.3333333,12.7969697,0.67,400,2.1,,,
3533,147,133,17,14.9,471.3333333,12.66060606,0.67,400,2.1,,,
3534,147,133,18,14.5,190.7777778,12.53939394,0.69,400,2.1,,,
3535,147,133,19,13.4,67.33333333,12.4,0.74,400,2.1,,,
3536,147,133,20,13.4,0,12.24848485,0.77,400,2.1,,,
3537,147,133,21,12.8,0,12.13030303,0.8,400,2.1,,,
3538,147,133,22,11.3,0,12.05151515,0.87,400,2.1,,,
3539,147,133,23,11.5,0,12.04848485,0.92,400,2.1,,,
3540,147,133,24,11,0,12.06969697,0.93,400,2,,,
3541,147,134,1,10.9,0,12.16060606,0.94,400,2,,,
3542,147,134,2,9.9,0,12.29090909,0.96,400,2,,,
3543,147,134,3,9.4,0,12.42121212,0.97,400,2,,,
3544,147,134,4,8.5,0,12.5969697,0.96,400,2,,,
3545,147,134,5,8.3,44.88888889,12.74242424,0.98,400,2,,,
3546,147,134,6,10.7,347.8888889,12.92121212,0.95,400,2,,,
3547,147,134,7,11.1,493.7777778,13.11818182,0.93,400,2,,,
3548,147,134,8,12.8,976.3333333,13.3,0.75,400,2,,,
3549,147,134,9,14.2,1369.111111,13.45757576,0.68,400,2,,,
3550,147,134,10,14,1346.666667,13.53939394,0.69,400,2,,,
3551,147,134,11,15.8,1223.222222,13.59393939,0.62,400,2,,,
3552,148,134,12,14.2,639.6666667,13.57272727,0.66,400,2,,,
3553,148,134,13,15.2,909,13.50909091,0.63,400,2,,,
3554,148,134,14,15.9,1212,13.37878788,0.63,400,2,,,
3555,148,134,15,16.3,1324.222222,13.20606061,0.6,400,2,,,
3556,148,134,16,17.5,864.1111111,13.00909091,0.57,400,2,,,
3557,148,134,17,15.6,460.1111111,12.8030303,0.66,400,2,,,
3558,148,134,18,15,213.2222222,12.56969697,0.66,400,2,,,
3559,148,134,19,14.3,56.11111111,12.31818182,0.67,400,2,,,
3560,148,134,20,13.1,11.22222222,12.08484848,0.79,400,2,,,
3561,148,134,21,12.3,0,11.87575758,0.81,400,2,,,
3562,148,134,22,10.6,0,11.64848485,0.82,400,2,,,
3563,148,134,23,9.7,0,11.56363636,0.89,400,2,,,
3564,148,134,24,8.8,0,11.52121212,0.94,400,1.8,,,
3565,148,135,1,7.9,0,11.46060606,0.96,400,1.8,,,
3566,148,135,2,6.6,0,11.43939394,0.98,400,1.8,,,
3567,148,135,3,6.8,0,11.51212121,1,400,1.8,,,
3568,148,135,4,6.5,0,11.66060606,1,400,1.8,,,
3569,148,135,5,5.9,44.88888889,11.81818182,1,400,1.8,,,
3570,148,135,6,10,291.7777778,12.05757576,1,400,1.8,,,
3571,148,135,7,9.9,538.6666667,12.30606061,0.97,400,1.8,,,
3572,148,135,8,9.5,460.1111111,12.5030303,0.96,400,1.8,,,
3573,148,135,9,10.3,617.2222222,12.7030303,0.92,400,1.8,,,
3574,148,135,10,13.3,1021.222222,12.73030303,0.82,400,1.8,,,
3575,148,135,11,14.8,1189.555556,12.76363636,0.7,400,1.8,,,
3576,149,135,12,14.6,1234.444444,12.75454545,0.67,400,1.8,,,
3577,149,135,13,16.4,1604.777778,12.63636364,0.6,400,1.8,,,
3578,149,135,14,16.5,1268.111111,12.54545455,0.55,400,1.8,,,
3579,149,135,15,17.2,1313,12.37878788,0.53,400,1.8,,,
3580,149,135,16,17.7,1279.333333,12.17878788,0.57,400,1.8,,,
3581,149,135,17,13.7,460.1111111,11.94242424,0.79,400,1.8,,,
3582,149,135,18,15.3,325.4444444,11.63030303,0.73,400,1.8,,,
3583,149,135,19,13.7,202,11.35151515,0.79,400,1.8,,,
3584,149,135,20,11.9,0,11.09393939,0.85,400,1.8,,,
3585,149,135,21,11.2,0,10.82424242,0.86,400,1.8,,,
3586,149,135,22,9.7,0,10.61515152,0.89,400,1.8,,,
3587,149,135,23,9.3,0,10.48181818,0.89,400,1.8,,,
3588,149,135,24,8.5,0,10.44242424,0.86,400,3.1,,,
3589,149,136,1,7.2,0,10.4969697,0.91,400,3.1,,,
3590,149,136,2,6.4,0,10.61818182,0.91,400,3.1,,,
3591,149,136,3,6.5,0,10.78484848,0.94,400,3.1,,,
3592,149,136,4,5.4,0,10.98484848,0.94,400,3.1,,,
3593,149,136,5,6.2,56.11111111,11.2,0.95,400,3.1,,,
3594,149,136,6,7.9,291.7777778,11.43333333,0.91,400,3.1,,,
3595,149,136,7,9.3,639.6666667,11.69090909,0.81,400,3.1,,,
3596,149,136,8,11.5,998.7777778,11.83333333,0.7,400,3.1,,,
3597,149,136,9,12.8,1380.333333,11.95151515,0.62,400,3.1,,,
3598,149,136,10,13.4,1021.222222,12.07878788,0.61,400,3.1,,,
3599,149,136,11,13.2,1335.444444,12.13939394,0.56,400,3.1,,,
3600,150,136,12,13.9,1571.111111,12.06969697,0.57,400,3.1,,,
3601,150,136,13,14.2,1144.666667,11.91818182,0.57,400,3.1,,,
3602,150,136,14,14.4,1256.888889,11.76969697,0.56,400,3.1,,,
3603,150,136,15,14.7,998.7777778,11.55757576,0.54,400,3.1,,,
3604,150,136,16,13.8,808,11.34242424,0.57,400,3.1,,,
3605,150,136,17,13.7,695.7777778,11.10909091,0.59,400,3.1,,,
3606,150,136,18,12.3,336.6666667,10.83939394,0.63,400,3.1,,,
3607,150,136,19,11,134.6666667,10.64848485,0.69,400,3.1,,,
3608,150,136,20,9.8,11.22222222,10.41818182,0.75,400,3.1,,,
3609,150,136,21,9.7,0,10.20909091,0.77,400,3.1,,,
3610,150,136,22,9.4,0,10.07575758,0.8,400,3.1,,,
3611,150,136,23,9.4,0,9.996969697,0.75,400,3.1,,,
3612,150,136,24,9.5,0,9.996969697,0.76,400,4.3,,,
3613,150,137,1,8.8,0,10.06060606,0.78,400,4.3,,,
3614,150,137,2,7.4,0,10.19090909,0.85,400,4.3,,,
3615,150,137,3,7.7,0,10.37878788,0.84,400,4.3,,,
3616,150,137,4,6.8,0,10.66060606,0.86,400,4.3,,,
3617,150,137,5,7.5,56.11111111,10.97575758,0.86,400,4.3,,,
3618,150,137,6,8.6,291.7777778,11.31818182,0.81,400,4.3,,,
3619,150,137,7,9.7,482.5555556,11.64545455,0.77,400,4.3,,,
3620,150,137,8,11.4,841.6666667,11.91212121,0.72,400,4.3,,,
3621,150,137,9,12.8,1200.777778,12.12121212,0.68,400,4.3,,,
3622,150,137,10,13.4,1346.666667,12.15757576,0.67,400,4.3,,,
3623,150,137,11,15.7,1402.777778,12.14242424,0.62,400,4.3,,,
3624,151,137,12,16.9,1705.777778,12.11515152,0.55,400,4.3,,,
3625,151,137,13,16.7,1077.333333,12.07878788,0.53,400,4.3,,,
3626,151,137,14,17,886.5555556,12.02121212,0.53,400,4.3,,,
3627,151,137,15,16.7,707,11.94545455,0.55,400,4.3,,,
3628,151,137,16,16.2,190.7777778,11.86363636,0.55,400,4.3,,,
3629,151,137,17,12.7,56.11111111,11.76969697,0.81,400,4.3,,,
3630,151,137,18,12.3,44.88888889,11.70606061,0.9,400,4.3,,,
3631,151,137,19,12.5,33.66666667,11.65151515,0.94,400,4.3,,,
3632,151,137,20,12,0,11.64242424,0.95,400,4.3,,,
3633,151,137,21,12,0,11.65151515,0.95,400,4.3,,,
3634,151,137,22,11.7,0,11.68787879,0.97,400,4.3,,,
3635,151,137,23,11.7,0,11.72727273,0.98,400,4.3,,,
3636,151,137,24,11.6,0,11.8,0.98,400,2.1,,,
3637,151,138,1,11.7,0,11.90909091,1,400,2.1,,,
3638,151,138,2,11.9,0,12.07575758,1,400,2.1,,,
3639,151,138,3,12,0,12.32121212,1,400,2.1,,,
3640,151,138,4,11.3,0,12.61818182,0.98,400,2.1,,,
3641,151,138,5,11,11.22222222,12.96666667,0.98,400,2.1,,,
3642,151,138,6,11,101,13.35151515,0.95,400,2.1,,,
3643,151,138,7,11.8,303,13.70606061,0.92,400,2.1,,,
3644,151,138,8,13,774.3333333,14.06060606,0.86,400,2.1,,,
3645,151,138,9,15,1133.444444,14.41818182,0.79,400,2.1,,,
3646,151,138,10,16.9,1335.444444,14.64545455,0.75,400,2.1,,,
3647,151,138,11,17.2,1672.111111,14.80909091,0.66,400,2.1,,,
3648,152,138,12,19.2,1582.333333,14.90606061,0.68,400,2.1,,,
3649,152,138,13,19.5,1099.777778,14.92121212,0.67,400,2.1,,,
3650,152,138,14,19.2,1458.888889,14.84848485,0.69,400,2.1,,,
3651,152,138,15,20.3,1200.777778,14.78181818,0.6,400,2.1,,,
3652,152,138,16,21.5,965.1111111,14.66060606,0.57,400,2.1,,,
3653,152,138,17,18.9,662.1111111,14.55151515,0.64,400,2.1,,,
3654,152,138,18,18.2,325.4444444,14.4,0.69,400,2.1,,,
3655,152,138,19,16.6,101,14.36363636,0.76,400,2.1,,,
3656,152,138,20,16.2,0,14.32121212,0.79,400,2.1,,,
3657,152,138,21,14.5,0,14.26060606,0.86,400,2.1,,,
3658,152,138,22,14.5,0,14.21818182,0.84,400,2.1,,,
3659,152,138,23,13,0,14.22727273,0.89,400,2.1,,,
3660,152,138,24,13.1,0,14.36666667,0.89,400,1.6,,,
3661,152,139,1,11.2,0,14.50606061,0.92,400,1.6,,,
3662,152,139,2,11.5,0,14.73030303,0.96,400,1.6,,,
3663,152,139,3,10.9,0,14.94848485,0.97,400,1.6,,,
3664,152,139,4,10.5,0,15.17878788,0.98,400,1.6,,,
3665,152,139,5,10.6,22.44444444,15.24848485,0.99,400,1.6,,,
3666,152,139,6,12.3,157.1111111,15.40909091,0.98,400,1.6,,,
3667,152,139,7,16.3,650.8888889,15.61212121,0.85,400,1.6,,,
3668,152,139,8,16.3,965.1111111,15.74242424,0.74,400,1.6,,,
3669,152,139,9,19,1380.333333,15.85454545,0.62,400,1.6,,,
3670,152,139,10,18.9,1178.333333,15.98181818,0.66,400,1.6,,,
3671,152,139,11,19.5,1458.888889,15.9969697,0.62,400,1.6,,,
3672,153,139,12,14.3,650.8888889,15.93636364,0.86,400,1.6,,,
3673,153,139,13,16.6,594.7777778,15.83939394,0.78,400,1.6,,,
3674,153,139,14,17.7,606,15.66969697,0.88,400,1.6,,,
3675,153,139,15,15.3,493.7777778,15.47575758,0.87,400,1.6,,,
3676,153,139,16,15.5,336.6666667,15.28484848,0.89,400,1.6,,,
3677,153,139,17,17.2,808,15.05151515,0.72,400,1.6,,,
3678,153,139,18,15.5,291.7777778,14.78484848,0.87,400,1.6,,,
3679,153,139,19,14.9,134.6666667,14.59393939,0.86,400,1.6,,,
3680,153,139,20,14,22.44444444,14.4030303,0.9,400,1.6,,,
3681,153,139,21,13.6,0,14.25757576,0.94,400,1.6,,,
3682,153,139,22,13.1,0,14.11818182,0.96,400,1.6,,,
3683,153,139,23,12.9,0,14.02727273,0.97,400,1.6,,,
3684,153,139,24,12.6,0,13.93636364,0.99,400,3.1,,,
3685,153,140,1,12.7,0,13.9030303,0.99,400,3.1,,,
3686,153,140,2,12.6,0,13.86969697,1,400,3.1,,,
3687,153,140,3,11.9,0,13.9030303,1,400,3.1,,,
3688,153,140,4,11.8,0,13.92424242,1,400,3.1,,,
3689,153,140,5,11.6,0,13.97272727,1,400,3.1,,,
3690,153,140,6,11.5,33.66666667,14.04242424,1,400,3.1,,,
3691,153,140,7,11.5,44.88888889,14.10606061,1,400,3.1,,,
3692,153,140,8,11.9,168.3333333,14.11515152,1,400,3.1,,,
3693,153,140,9,12,145.8888889,14.00606061,1,400,3.1,,,
3694,153,140,10,12.3,224.4444444,13.8969697,1,400,3.1,,,
3695,153,140,11,12.2,224.4444444,13.70606061,1,400,3.1,,,
3696,154,140,12,12.5,280.5555556,13.51818182,1,400,3.1,,,
3697,154,140,13,12.8,235.6666667,13.3030303,1,400,3.1,,,
3698,154,140,14,12.7,235.6666667,13.23636364,1,400,3.1,,,
3699,154,140,15,12.6,101,13.09393939,1,400,3.1,,,
3700,154,140,16,12.7,89.77777778,12.92424242,1,400,3.1,,,
3701,154,140,17,12.7,33.66666667,12.82424242,1,400,3.1,,,
3702,154,140,18,12.7,22.44444444,12.71515152,0.99,400,3.1,,,
3703,154,140,19,12.7,11.22222222,12.53939394,0.99,400,3.1,,,
3704,154,140,20,12.4,0,12.41212121,1,400,3.1,,,
3705,154,140,21,12.1,0,12.2969697,1,400,3.1,,,
3706,154,140,22,11.9,0,12.21818182,1,400,3.1,,,
3707,154,140,23,12.1,0,12.16060606,1,400,3.1,,,
3708,154,140,24,12,0,12.11515152,1,400,3.5,,,
3709,154,141,1,11.9,0,12.1,1,400,3.5,,,
3710,154,141,2,11.4,0,12.12424242,1,400,3.5,,,
3711,154,141,3,11.3,0,12.21212121,1,400,3.5,,,
3712,154,141,4,11.1,0,12.35757576,1,400,3.5,,,
3713,154,141,5,11.4,33.66666667,12.56666667,1,400,3.5,,,
3714,154,141,6,11.7,157.1111111,12.79090909,1,400,3.5,,,
3715,154,141,7,11.6,213.2222222,13.03636364,0.99,400,3.5,,,
3716,154,141,8,12.4,291.7777778,13.26363636,0.96,400,3.5,,,
3717,154,141,9,13.4,561.1111111,13.47878788,0.93,400,3.5,,,
3718,154,141,10,15.6,1234.444444,13.61212121,0.84,400,3.5,,,
3719,154,141,11,17.4,1818,13.71515152,0.76,400,3.5,,,
3720,155,141,12,18.8,1930.222222,13.78787879,0.73,400,3.5,,,
3721,155,141,13,19.2,1795.555556,13.85151515,0.68,400,3.5,,,
3722,155,141,14,19.7,1425.222222,13.89393939,0.65,400,3.5,,,
3723,155,141,15,19,1122.222222,13.93636364,0.68,400,3.5,,,
3724,155,141,16,18.6,662.1111111,13.95757576,0.62,400,3.5,,,
3725,155,141,17,16.3,291.7777778,13.98484848,0.73,400,3.5,,,
3726,155,141,18,15.4,202,14.01515152,0.8,400,3.5,,,
3727,155,141,19,14.7,101,14.03939394,0.81,400,3.5,,,
3728,155,141,20,14.3,11.22222222,14.05454545,0.83,400,3.5,,,
3729,155,141,21,13.9,0,14.03333333,0.81,400,3.5,,,
3730,155,141,22,14.2,0,14.02424242,0.8,400,3.5,,,
3731,155,141,23,13.4,0,14.01818182,0.87,400,3.5,,,
3732,155,141,24,13.5,0,14.02121212,0.9,400,3.3,,,
3733,155,142,1,13.7,0,14.03636364,0.9,400,3.3,,,
3734,155,142,2,13.5,0,14.06363636,0.91,400,3.3,,,
3735,155,142,3,13.2,0,14.10909091,0.93,400,3.3,,,
3736,155,142,4,12,0,14.16969697,0.92,400,3.3,,,
3737,155,142,5,12.1,33.66666667,14.27575758,0.91,400,3.3,,,
3738,155,142,6,11.9,303,14.38181818,0.83,400,3.3,,,
3739,155,142,7,12,482.5555556,14.5,0.83,400,3.3,,,
3740,155,142,8,12.6,673.3333333,14.63939394,0.79,400,3.3,,,
3741,155,142,9,12.9,886.5555556,14.71515152,0.71,400,3.3,,,
3742,155,142,10,13.4,505,14.75757576,0.74,400,3.3,,,
3743,155,142,11,13.4,875.3333333,14.74545455,0.72,400,3.3,,,
3744,156,142,12,14.8,808,14.64545455,0.71,400,3.3,,,
3745,156,142,13,14.6,953.8888889,14.47878788,0.67,400,3.3,,,
3746,156,142,14,15.3,740.6666667,14.23333333,0.67,400,3.3,,,
3747,156,142,15,16.3,1066.111111,13.98181818,0.68,400,3.3,,,
3748,156,142,16,14.1,673.3333333,13.6969697,0.67,400,3.3,,,
3749,156,142,17,13.8,336.6666667,13.41212121,0.68,400,3.3,,,
3750,156,142,18,13,246.8888889,13.12727273,0.74,400,3.3,,,
3751,156,142,19,12.3,44.88888889,12.89090909,0.77,400,3.3,,,
3752,156,142,20,11.9,0,12.65757576,0.83,400,3.3,,,
3753,156,142,21,10.7,0,12.43333333,0.88,400,3.3,,,
3754,156,142,22,10.9,0,12.23030303,0.92,400,3.3,,,
3755,156,142,23,10.3,0,12.06363636,0.91,400,3.3,,,
3756,156,142,24,9.6,0,11.92424242,0.94,400,1.5,,,
3757,156,143,1,9.2,0,11.86060606,0.95,400,1.5,,,
3758,156,143,2,8.5,0,11.84848485,0.95,400,1.5,,,
3759,156,143,3,7.7,0,11.86666667,0.96,400,1.5,,,
3760,156,143,4,7.3,0,11.93030303,0.97,400,1.5,,,
3761,156,143,5,7.6,78.55555556,12.01515152,0.98,400,1.5,,,
3762,156,143,6,8.4,303,12.16666667,0.97,400,1.5,,,
3763,156,143,7,9.6,505,12.34848485,0.96,400,1.5,,,
3764,156,143,8,11.3,695.7777778,12.50606061,0.91,400,1.5,,,
3765,156,143,9,13.1,886.5555556,12.67575758,0.84,400,1.5,,,
3766,156,143,10,14.3,1402.777778,12.82424242,0.76,400,1.5,,,
3767,156,143,11,15.6,1761.888889,12.94848485,0.7,400,1.5,,,
3768,157,143,12,16,1907.777778,13.03030303,0.68,400,1.5,,,
3769,157,143,13,17,1874.111111,13.12424242,0.66,400,1.5,,,
3770,157,143,14,18.1,1829.222222,13.15454545,0.68,400,1.5,,,
3771,157,143,15,17.1,1054.888889,13.17272727,0.64,400,1.5,,,
3772,157,143,16,17.6,909,13.15454545,0.65,400,1.5,,,
3773,157,143,17,17.5,538.6666667,13.08787879,0.7,400,1.5,,,
3774,157,143,18,17,426.4444444,13.07575758,0.7,400,1.5,,,
3775,157,143,19,16.1,101,13.06969697,0.78,400,1.5,,,
3776,157,143,20,16.5,0,13.07272727,0.75,400,1.5,,,
3777,157,143,21,15.8,0,13.09393939,0.83,400,1.5,,,
3778,157,143,22,15.2,0,13.12727273,0.85,400,1.5,,,
3779,157,143,23,14.7,0,13.21818182,0.85,400,1.5,,,
3780,157,143,24,14.1,0,13.32727273,0.88,400,1.1,,,
3781,157,144,1,13.7,0,13.47575758,0.88,400,1.1,,,
3782,157,144,2,13.6,0,13.68181818,0.89,400,1.1,,,
3783,157,144,3,13.1,0,13.93636364,0.93,400,1.1,,,
3784,157,144,4,13,0,14.2,0.94,400,1.1,,,
3785,157,144,5,13,11.22222222,14.49090909,0.95,400,1.1,,,
3786,157,144,6,13.7,67.33333333,14.80606061,0.95,400,1.1,,,
3787,157,144,7,14.5,157.1111111,15.15151515,0.89,400,1.1,,,
3788,157,144,8,15.2,291.7777778,15.48181818,0.84,400,1.1,,,
3789,157,144,9,16.4,493.7777778,15.74848485,0.8,400,1.1,,,
3790,157,144,10,17.6,864.1111111,15.95454545,0.73,400,1.1,,,
3791,157,144,11,17.2,998.7777778,16.07575758,0.72,400,1.1,,,
3792,158,144,12,17.3,538.6666667,16.13333333,0.72,400,1.1,,,
3793,158,144,13,17.7,505,16.13030303,0.7,400,1.1,,,
3794,158,144,14,19,583.5555556,16.06363636,0.67,400,1.1,,,
3795,158,144,15,19.3,1021.222222,15.94242424,0.61,400,1.1,,,
3796,158,144,16,18.4,448.8888889,15.79393939,0.66,400,1.1,,,
3797,158,144,17,18.1,617.2222222,15.65454545,0.7,400,1.1,,,
3798,158,144,18,17.1,202,15.46969697,0.76,400,1.1,,,
3799,158,144,19,16.2,56.11111111,15.28181818,0.84,400,1.1,,,
3800,158,144,20,15.5,11.22222222,15.1,0.84,400,1.1,,,
3801,158,144,21,13.8,0,14.94545455,0.87,400,1.1,,,
3802,158,144,22,13,0,14.77878788,0.93,400,1.1,,,
3803,158,144,23,13.2,0,14.64545455,0.91,400,1.1,,,
3804,158,144,24,12.5,0,14.54242424,0.89,400,1.5,,,
3805,158,145,1,11.5,0,14.48787879,0.94,400,1.5,,,
3806,158,145,2,11.3,0,14.47272727,0.95,400,1.5,,,
3807,158,145,3,11,0,14.5030303,0.97,400,1.5,,,
3808,158,145,4,11,0,14.57272727,0.97,400,1.5,,,
3809,158,145,5,11,22.44444444,14.70606061,0.95,400,1.5,,,
3810,158,145,6,11.4,78.55555556,14.86666667,0.94,400,1.5,,,
3811,158,145,7,11.8,145.8888889,15.01818182,0.93,400,1.5,,,
3812,158,145,8,12.9,280.5555556,15.19393939,0.9,400,1.5,,,
3813,158,145,9,13.6,617.2222222,15.35151515,0.84,400,1.5,,,
3814,158,145,10,14.7,471.3333333,15.47575758,0.84,400,1.5,,,
3815,158,145,11,15.9,1200.777778,15.52727273,0.76,400,1.5,,,
3816,159,145,12,17.5,1997.555556,15.5030303,0.64,400,1.5,,,
3817,159,145,13,18.3,1739.444444,15.46060606,0.6,400,1.5,,,
3818,159,145,14,18,1627.222222,15.30909091,0.54,400,1.5,,,
3819,159,145,15,19.5,1571.111111,15.07878788,0.52,400,1.5,,,
3820,159,145,16,19.7,1301.777778,14.79393939,0.49,400,1.5,,,
3821,159,145,17,19.3,953.8888889,14.46969697,0.47,400,1.5,,,
3822,159,145,18,18.1,583.5555556,14.16363636,0.56,400,1.5,,,
3823,159,145,19,16.8,224.4444444,13.86060606,0.59,400,1.5,,,
3824,159,145,20,15.8,11.22222222,13.5969697,0.62,400,1.5,,,
3825,159,145,21,12.3,0,13.32727273,0.75,400,1.5,,,
3826,159,145,22,10.1,0,13.11515152,0.87,400,1.5,,,
3827,159,145,23,9.6,0,13.04242424,0.86,400,1.5,,,
3828,159,145,24,8.6,0,13.08484848,0.89,400,1.3,,,
3829,159,146,1,8.3,0,13.2,0.89,400,1.3,,,
3830,159,146,2,8.1,0,13.37878788,0.88,400,1.3,,,
3831,159,146,3,8.4,0,13.6030303,0.86,400,1.3,,,
3832,159,146,4,7.3,0,13.85757576,0.87,400,1.3,,,
3833,159,146,5,8.5,89.77777778,14.14848485,0.88,400,1.3,,,
3834,159,146,6,11.4,336.6666667,14.46666667,0.85,400,1.3,,,
3835,159,146,7,14.4,673.3333333,14.81818182,0.79,400,1.3,,,
3836,159,146,8,17,1043.666667,15.15757576,0.67,400,1.3,,,
3837,159,146,9,18.4,1380.333333,15.49090909,0.63,400,1.3,,,
3838,159,146,10,18.9,1627.222222,15.77878788,0.58,400,1.3,,,
3839,159,146,11,19.7,1862.888889,16.00606061,0.57,400,1.3,,,
3840,160,146,12,20.6,1919,16.13636364,0.54,400,1.3,,,
3841,160,146,13,21.5,1862.888889,16.15757576,0.53,400,1.3,,,
3842,160,146,14,22.6,1728.222222,16.07575758,0.46,400,1.3,,,
3843,160,146,15,22.6,1526.222222,15.95151515,0.44,400,1.3,,,
3844,160,146,16,22.8,1223.222222,15.82121212,0.4,400,1.3,,,
3845,160,146,17,22.4,886.5555556,15.68181818,0.45,400,1.3,,,
3846,160,146,18,21.1,505,15.44848485,0.47,400,1.3,,,
3847,160,146,19,19,202,15.18787879,0.54,400,1.3,,,
3848,160,146,20,16.6,22.44444444,14.97272727,0.66,400,1.3,,,
3849,160,146,21,14.8,0,14.77878788,0.7,400,1.3,,,
3850,160,146,22,14.2,0,14.63939394,0.72,400,1.3,,,
3851,160,146,23,13.7,0,14.6969697,0.76,400,1.3,,,
3852,160,146,24,14.9,0,14.92121212,0.69,400,2.3,,,
3853,160,147,1,12,0,15.24242424,0.82,400,2.3,,,
3854,160,147,2,10.7,0,15.63939394,0.88,400,2.3,,,
3855,160,147,3,11,0,16.09090909,0.87,400,2.3,,,
3856,160,147,4,10.4,0,16.5969697,0.91,400,2.3,,,
3857,160,147,5,11.2,89.77777778,17.12121212,0.89,400,2.3,,,
3858,160,147,6,14.2,359.1111111,17.6969697,0.83,400,2.3,,,
3859,160,147,7,17.5,695.7777778,18.25151515,0.76,400,2.3,,,
3860,160,147,8,20.2,1010,18.71818182,0.69,400,2.3,,,
3861,160,147,9,21.7,1223.222222,19.05454545,0.68,400,2.3,,,
3862,160,147,10,23.2,1335.444444,19.27575758,0.67,400,2.3,,,
3863,160,147,11,24.8,1761.888889,19.42727273,0.63,400,2.3,,,
3864,161,147,12,25.7,1885.333333,19.52121212,0.62,400,2.3,,,
3865,161,147,13,26.3,1874.111111,19.56969697,0.59,400,2.3,,,
3866,161,147,14,26.8,1705.777778,19.56666667,0.57,400,2.3,,,
3867,161,147,15,26.8,1167.111111,19.49393939,0.59,400,2.3,,,
3868,161,147,16,25.5,841.6666667,19.35454545,0.59,400,2.3,,,
3869,161,147,17,24.3,370.3333333,19.18181818,0.69,400,2.3,,,
3870,161,147,18,23.4,145.8888889,18.96363636,0.64,400,2.3,,,
3871,161,147,19,22,44.88888889,18.71212121,0.73,400,2.3,,,
3872,161,147,20,21.3,0,18.47575758,0.75,400,2.3,,,
3873,161,147,21,20.5,0,18.2969697,0.78,400,2.3,,,
3874,161,147,22,19.1,0,18.18484848,0.76,400,2.3,,,
3875,161,147,23,18,0,18.2,0.78,400,2.3,,,
3876,161,147,24,16.9,0,18.27575758,0.76,400,1.6,,,
3877,161,148,1,15.6,0,18.43939394,0.79,400,1.6,,,
3878,161,148,2,14.1,0,18.59393939,0.84,400,1.6,,,
3879,161,148,3,13.3,0,18.87272727,0.89,400,1.6,,,
3880,161,148,4,13.1,0,19.21818182,0.92,400,1.6,,,
3881,161,148,5,12.9,67.33333333,19.56363636,0.92,400,1.6,,,
3882,161,148,6,15.3,347.8888889,19.97575758,0.86,400,1.6,,,
3883,161,148,7,16.7,695.7777778,20.37878788,0.8,400,1.6,,,
3884,161,148,8,19.1,1054.888889,20.71212121,0.74,400,1.6,,,
3885,161,148,9,20,1380.333333,20.93030303,0.65,400,1.6,,,
3886,161,148,10,21.2,1660.888889,21.03030303,0.63,400,1.6,,,
3887,161,148,11,22.1,1851.666667,21.06969697,0.59,400,1.6,,,
3888,162,148,12,22.4,1649.666667,20.99393939,0.58,400,1.6,,,
3889,162,148,13,24,1885.333333,20.8,0.57,400,1.6,,,
3890,162,148,14,24.5,1818,20.53939394,0.57,400,1.6,,,
3891,162,148,15,25.2,1571.111111,20.23939394,0.56,400,1.6,,,
3892,162,148,16,24.7,1245.666667,19.93030303,0.51,400,1.6,,,
3893,162,148,17,23.5,886.5555556,19.61515152,0.63,400,1.6,,,
3894,162,148,18,23,527.4444444,19.35757576,0.63,400,1.6,,,
3895,162,148,19,20.7,202,19.16969697,0.68,400,1.6,,,
3896,162,148,20,18.4,22.44444444,18.97575758,0.76,400,1.6,,,
3897,162,148,21,17.1,0,18.81515152,0.82,400,1.6,,,
3898,162,148,22,16.4,0,18.67878788,0.86,400,1.6,,,
3899,162,148,23,16.6,0,18.61515152,0.84,400,1.6,,,
3900,162,148,24,16.4,0,18.66060606,0.86,400,2.1,,,
3901,162,149,1,17,0,18.79090909,0.85,400,2.1,,,
3902,162,149,2,18.1,0,18.99090909,0.87,400,2.1,,,
3903,162,149,3,17,0,19.24848485,0.92,400,2.1,,,
3904,162,149,4,16.7,0,19.57575758,0.95,400,2.1,,,
3905,162,149,5,16.8,67.33333333,19.95454545,0.93,400,2.1,,,
3906,162,149,6,18.4,258.1111111,20.34242424,0.91,400,2.1,,,
3907,162,149,7,20.6,650.8888889,20.72424242,0.82,400,2.1,,,
3908,162,149,8,22.3,1021.222222,21.05757576,0.74,400,2.1,,,
3909,162,149,9,23.5,1346.666667,21.34545455,0.69,400,2.1,,,
3910,162,149,10,24.1,1638.444444,21.55151515,0.64,400,2.1,,,
3911,162,149,11,24.9,1829.222222,21.69393939,0.62,400,2.1,,,
3912,163,149,12,25.8,1862.888889,21.77575758,0.57,400,2.1,,,
3913,163,149,13,25.9,1515,21.77575758,0.59,400,2.1,,,
3914,163,149,14,25.5,1593.555556,21.75757576,0.55,400,2.1,,,
3915,163,149,15,26.3,1458.888889,21.66969697,0.51,400,2.1,,,
3916,163,149,16,26.2,1111,21.50909091,0.54,400,2.1,,,
3917,163,149,17,25.9,852.8888889,21.32424242,0.56,400,2.1,,,
3918,163,149,18,24.7,381.5555556,21.13636364,0.63,400,2.1,,,
3919,163,149,19,23.9,258.1111111,20.96666667,0.65,400,2.1,,,
3920,163,149,20,22.1,33.66666667,20.76666667,0.72,400,2.1,,,
3921,163,149,21,21.8,0,20.60909091,0.73,400,2.1,,,
3922,163,149,22,21.1,0,20.52424242,0.75,400,2.1,,,
3923,163,149,23,19.2,0,20.5030303,0.84,400,2.1,,,
3924,163,149,24,19.1,0,20.51212121,0.89,400,1.6,,,
3925,163,150,1,18.5,0,20.52424242,0.92,400,1.6,,,
3926,163,150,2,17.9,0,20.56969697,0.96,400,1.6,,,
3927,163,150,3,16.4,0,20.66666667,0.97,400,1.6,,,
3928,163,150,4,15.5,0,20.81818182,1,400,1.6,,,
3929,163,150,5,15.6,56.11111111,21.03333333,1,400,1.6,,,
3930,163,150,6,16.4,112.2222222,21.26363636,1,400,1.6,,,
3931,163,150,7,16.7,145.8888889,21.46060606,1,400,1.6,,,
3932,163,150,8,17,280.5555556,21.65151515,0.99,400,1.6,,,
3933,163,150,9,17.9,448.8888889,21.76060606,1,400,1.6,,,
3934,163,150,10,20.2,1481.333333,21.7969697,0.94,400,1.6,,,
3935,163,150,11,23.1,1717,21.77272727,0.79,400,1.6,,,
3936,164,150,12,24.1,1874.111111,21.68484848,0.67,400,1.6,,,
3937,164,150,13,24.3,1279.333333,21.51818182,0.68,400,1.6,,,
3938,164,150,14,23.3,1301.777778,21.26969697,0.66,400,1.6,,,
3939,164,150,15,24.7,1414,21.01212121,0.58,400,1.6,,,
3940,164,150,16,24.2,1256.888889,20.73636364,0.59,400,1.6,,,
3941,164,150,17,23.5,875.3333333,20.40606061,0.62,400,1.6,,,
3942,164,150,18,22.7,538.6666667,20.05151515,0.66,400,1.6,,,
3943,164,150,19,21.2,213.2222222,19.6969697,0.76,400,1.6,,,
3944,164,150,20,19.4,22.44444444,19.35757576,0.83,400,1.6,,,
3945,164,150,21,17.6,0,19.03939394,0.89,400,1.6,,,
3946,164,150,22,17.4,0,18.75757576,0.91,400,1.6,,,
3947,164,150,23,16.4,0,18.5,0.94,400,1.6,,,
3948,164,150,24,15.4,0,18.3,0.98,400,1.6,,,
3949,164,151,1,14.5,0,18.2030303,1,400,1.6,,,
3950,164,151,2,14.2,0,18.16060606,1,400,1.6,,,
3951,164,151,3,13.5,0,18.16060606,1,400,1.6,,,
3952,164,151,4,13.4,0,18.26969697,1,400,1.6,,,
3953,164,151,5,12.8,22.44444444,18.43030303,1,400,1.6,,,
3954,164,151,6,13.3,56.11111111,18.63030303,1,400,1.6,,,
3955,164,151,7,14.5,179.5555556,18.84848485,1,400,1.6,,,
3956,164,151,8,16,437.6666667,19.02121212,0.93,400,1.6,,,
3957,164,151,9,17.7,931.4444444,19.18484848,0.84,400,1.6,,,
3958,164,151,10,18.5,1357.888889,19.31818182,0.76,400,1.6,,,
3959,164,151,11,21.5,1784.333333,19.42121212,0.72,400,1.6,,,
3960,165,151,12,21.7,1784.333333,19.38181818,0.67,400,1.6,,,
3961,165,151,13,22.1,1256.888889,19.20606061,0.66,400,1.6,,,
3962,165,151,14,22.8,1593.555556,18.98787879,0.64,400,1.6,,,
3963,165,151,15,22.1,1133.444444,18.73939394,0.68,400,1.6,,,
3964,165,151,16,22.1,729.4444444,18.4969697,0.65,400,1.6,,,
3965,165,151,17,21.4,460.1111111,18.22424242,0.71,400,1.6,,,
3966,165,151,18,21.3,392.7777778,17.95151515,0.71,400,1.6,,,
3967,165,151,19,18.9,179.5555556,17.6969697,0.76,400,1.6,,,
3968,165,151,20,17.3,11.22222222,17.44545455,0.85,400,1.6,,,
3969,165,151,21,16.9,0,17.21818182,0.86,400,1.6,,,
3970,165,151,22,16.1,0,17.06666667,0.86,400,1.6,,,
3971,165,151,23,15.3,0,16.99393939,0.9,400,1.6,,,
3972,165,151,24,15.7,0,16.97878788,0.9,400,2.2,,,
3973,165,151,1,15.2,0,17.02121212,0.93,400,2.2,,,
3974,165,151,2,15.1,0,17.12727273,0.95,400,2.2,,,
3975,165,151,3,14.4,0,17.33636364,0.96,400,2.2,,,
3976,165,151,4,13.7,0,17.55151515,0.98,400,2.2,,,
3977,165,151,5,14.4,89.77777778,17.84848485,1,400,2.2,,,
3978,165,151,6,15.2,190.7777778,18.18787879,0.98,400,2.2,,,
3979,165,151,7,16.9,448.8888889,18.53636364,0.94,400,2.2,,,
3980,165,151,8,17.8,673.3333333,18.89393939,0.89,400,2.2,,,
3981,165,151,9,18.9,516.2222222,19.16363636,0.85,400,2.2,,,
3982,165,151,10,21.4,1054.888889,19.4,0.8,400,2.2,,,
3983,165,151,11,21.3,998.7777778,19.57575758,0.76,400,2.2,,,
3984,166,151,12,23.3,1414,19.68181818,0.73,400,2.2,,,
3985,166,151,13,24.6,1559.888889,19.65757576,0.7,400,2.2,,,
3986,166,151,14,24.3,1223.222222,19.58787879,0.69,400,2.2,,,
3987,166,151,15,25.1,1212,19.48181818,0.68,400,2.2,,,
3988,166,151,16,23.4,516.2222222,19.34848485,0.76,400,2.2,,,
3989,166,151,17,23.8,415.2222222,19.25757576,0.75,400,2.2,,,
3990,166,151,18,23.5,448.8888889,19.15151515,0.76,400,2.2,,,
3991,166,151,19,22,280.5555556,19.06060606,0.8,400,2.2,,,
3992,166,151,20,20.7,22.44444444,18.97878788,0.86,400,2.2,,,
3993,166,151,21,19.4,0,18.98787879,0.87,400,2.2,,,
3994,166,151,22,18.6,0,19.04545455,0.89,400,2.2,,,
3995,166,151,23,18.4,0,19.12121212,0.91,400,2.2,,,
3996,166,151,24,19.1,0,19.24545455,0.89,400,4.4,,,
3997,166,152,1,18.6,0,19.42121212,0.91,400,4.4,,,
3998,166,152,2,18.4,0,19.57272727,0.95,400,4.4,,,
3999,166,152,3,18.6,0,19.71515152,0.98,400,4.4,,,
4000,166,152,4,19.2,0,19.90909091,0.96,400,4.4,,,
4001,166,152,5,19.2,44.88888889,20.15757576,0.95,400,4.4,,,
4002,166,152,6,19.4,202,20.4030303,0.88,400,4.4,,,
4003,166,152,7,20.2,381.5555556,20.55151515,0.85,400,4.4,,,
4004,166,152,8,21.1,976.3333333,20.67878788,0.8,400,4.4,,,
4005,166,152,9,20.7,1144.666667,20.73030303,0.77,400,4.4,,,
4006,166,152,10,19.9,628.4444444,20.75151515,0.77,400,4.4,,,
4007,166,152,11,21.5,1761.888889,20.72424242,0.66,400,4.4,,,
4008,167,152,12,22.6,1559.888889,20.58787879,0.6,400,4.4,,,
4009,167,152,13,21.8,1414,20.43333333,0.56,400,4.4,,,
4010,167,152,14,19.3,538.6666667,20.18484848,0.67,400,4.4,,,
4011,167,152,15,19.4,650.8888889,19.86060606,0.69,400,4.4,,,
4012,167,152,16,18.6,920.2222222,19.50606061,0.67,400,4.4,,,
4013,167,152,17,18.5,303,19.11212121,0.76,400,4.4,,,
4014,167,152,18,18,448.8888889,18.74848485,0.7,400,4.4,,,
4015,167,152,19,16.9,213.2222222,18.36060606,0.7,400,4.4,,,
4016,167,152,20,16.2,33.66666667,17.96666667,0.76,400,4.4,,,
4017,167,152,21,15.1,0,17.6,0.75,400,4.4,,,
4018,167,152,22,13.9,0,17.29393939,0.78,400,4.4,,,
4019,167,152,23,12.6,0,17.06969697,0.8,400,4.4,,,
4020,167,152,24,12.1,0,16.93939394,0.81,400,4,,,
4021,167,153,1,11.4,0,16.87878788,0.84,400,4,,,
4022,167,153,2,11,0,16.8,0.87,400,4,,,
4023,167,153,3,10.5,0,16.77878788,0.9,400,4,,,
4024,167,153,4,9.9,0,16.75757576,0.93,400,4,,,
4025,167,153,5,10.6,89.77777778,16.59090909,0.95,400,4,,,
4026,167,153,6,12,246.8888889,16.48787879,0.94,400,4,,,
4027,167,153,7,14.3,617.2222222,16.49090909,0.86,400,4,,,
4028,167,153,8,16.4,1054.888889,16.49090909,0.77,400,4,,,
4029,167,153,9,16.5,718.2222222,16.44242424,0.69,400,4,,,
4030,167,153,10,17.9,808,16.26969697,0.67,400,4,,,
4031,167,153,11,17.7,471.3333333,16.05757576,0.67,400,4,,,
4032,168,153,12,13.1,448.8888889,15.88484848,0.93,400,4,,,
4033,168,153,13,15.8,1346.666667,15.66363636,0.96,400,4,,,
4034,168,153,14,19.3,1638.444444,15.39090909,0.8,400,4,,,
4035,168,153,15,19.4,1066.111111,15.14848485,0.65,400,4,,,
4036,168,153,16,18.6,751.8888889,14.99090909,0.6,400,4,,,
4037,168,153,17,15.4,437.6666667,14.8030303,0.69,400,4,,,
4038,168,153,18,13.7,134.6666667,14.64242424,0.84,400,4,,,
4039,168,153,19,14.2,246.8888889,14.47575758,0.85,400,4,,,
4040,168,153,20,14.2,11.22222222,14.31515152,0.86,400,4,,,
4041,168,153,21,13.6,0,14.18181818,0.88,400,4,,,
4042,168,153,22,13.8,0,14.06969697,0.89,400,4,,,
4043,168,153,23,14.1,0,14.00606061,0.86,400,4,,,
4044,168,153,24,13.2,0,14.00606061,0.91,400,4.2,,,
4045,168,154,1,13.3,0,14.03636364,0.9,400,4.2,,,
4046,168,154,2,13,0,14.11212121,0.89,400,4.2,,,
4047,168,154,3,12.7,0,14.22121212,0.88,400,4.2,,,
4048,168,154,4,12.5,0,14.36060606,0.89,400,4.2,,,
4049,168,154,5,12.5,56.11111111,14.52727273,0.89,400,4.2,,,
4050,168,154,6,13,370.3333333,14.68181818,0.84,400,4.2,,,
4051,168,154,7,13.9,549.8888889,14.83939394,0.83,400,4.2,,,
4052,168,154,8,13.6,404,14.96060606,0.85,400,4.2,,,
4053,168,154,9,14.6,347.8888889,14.9969697,0.82,400,4.2,,,
4054,168,154,10,15,538.6666667,14.92727273,0.8,400,4.2,,,
4055,168,154,11,15.6,460.1111111,14.85454545,0.79,400,4.2,,,
4056,169,154,12,16,852.8888889,14.73333333,0.8,400,4.2,,,
4057,169,154,13,15,415.2222222,14.61212121,0.87,400,4.2,,,
4058,169,154,14,15.8,561.1111111,14.62727273,0.87,400,4.2,,,
4059,169,154,15,16,460.1111111,14.54848485,0.84,400,4.2,,,
4060,169,154,16,15.5,280.5555556,14.33636364,0.85,400,4.2,,,
4061,169,154,17,14.1,56.11111111,14.11515152,0.96,400,4.2,,,
4062,169,154,18,14.1,67.33333333,13.9030303,0.99,400,4.2,,,
4063,169,154,19,13.9,33.66666667,13.76363636,1,400,4.2,,,
4064,169,154,20,13.7,0,13.64848485,1,400,4.2,,,
4065,169,154,21,13.6,0,13.5030303,0.99,400,4.2,,,
4066,169,154,22,13.2,0,13.37272727,0.98,400,4.2,,,
4067,169,154,23,12.3,0,13.27575758,0.96,400,4.2,,,
4068,169,154,24,12.1,0,13.18787879,0.96,400,4.3,,,
4069,169,155,1,11.6,0,13.10909091,0.97,400,4.3,,,
4070,169,155,2,10.8,0,13.11515152,0.94,400,4.3,,,
4071,169,155,3,9.9,0,13.13030303,0.95,400,4.3,,,
4072,169,155,4,9.4,0,13.16969697,0.95,400,4.3,,,
4073,169,155,5,9.9,22.44444444,13.18484848,0.94,400,4.3,,,
4074,169,155,6,10.4,44.88888889,13.23939394,0.95,400,4.3,,,
4075,169,155,7,10.9,157.1111111,13.34242424,0.95,400,4.3,,,
4076,169,155,8,11.5,246.8888889,13.45757576,0.93,400,4.3,,,
4077,169,155,9,13.4,1088.555556,13.54242424,0.86,400,4.3,,,
4078,169,155,10,13.8,1391.555556,13.61818182,0.79,400,4.3,,,
4079,169,155,11,14.3,1200.777778,13.63636364,0.79,400,4.3,,,
4080,170,155,12,13.2,1032.444444,13.63939394,0.87,400,4.3,,,
4081,170,155,13,14.3,796.7777778,13.59393939,0.89,400,4.3,,,
4082,170,155,14,15.9,1739.444444,13.51515152,0.74,400,4.3,,,
4083,170,155,15,16.8,1245.666667,13.42727273,0.69,400,4.3,,,
4084,170,155,16,16.7,953.8888889,13.29393939,0.76,400,4.3,,,
4085,170,155,17,16.1,774.3333333,13.13333333,0.64,400,4.3,,,
4086,170,155,18,15.2,493.7777778,13,0.75,400,4.3,,,
4087,170,155,19,15.1,157.1111111,12.90606061,0.67,400,4.3,,,
4088,170,155,20,14.1,22.44444444,12.82424242,0.66,400,4.3,,,
4089,170,155,21,13.4,0,12.75454545,0.72,400,4.3,,,
4090,170,155,22,12.1,0,12.67272727,0.8,400,4.3,,,
4091,170,155,23,11.4,0,12.62121212,0.82,400,4.3,,,
4092,170,155,24,10.7,0,12.58787879,0.88,400,3.9,,,
4093,170,156,1,11.1,0,12.62424242,0.9,400,3.9,,,
4094,170,156,2,11,0,12.66363636,0.88,400,3.9,,,
4095,170,156,3,11.4,0,12.74545455,0.87,400,3.9,,,
4096,170,156,4,11.6,0,12.87575758,0.85,400,3.9,,,
4097,170,156,5,11,22.44444444,13.04848485,0.84,400,3.9,,,
4098,170,156,6,11.9,179.5555556,13.24545455,0.85,400,3.9,,,
4099,170,156,7,12.1,639.6666667,13.45151515,0.78,400,3.9,,,
4100,170,156,8,13.5,830.4444444,13.67878788,0.76,400,3.9,,,
4101,170,156,9,13.4,1189.555556,13.89393939,0.7,400,3.9,,,
4102,170,156,10,14.3,729.4444444,14.04242424,0.71,400,3.9,,,
4103,170,156,11,15.1,1032.444444,14.10909091,0.68,400,3.9,,,
4104,171,156,12,15.6,1256.888889,14.11212121,0.67,400,3.9,,,
4105,171,156,13,15.9,1537.444444,14.07575758,0.63,400,3.9,,,
4106,171,156,14,16.7,1133.444444,14.07575758,0.62,400,3.9,,,
4107,171,156,15,17.9,1189.555556,14.04545455,0.59,400,3.9,,,
4108,171,156,16,18,1054.888889,13.95151515,0.56,400,3.9,,,
4109,171,156,17,16.4,662.1111111,13.82424242,0.59,400,3.9,,,
4110,171,156,18,15.6,202,13.67272727,0.64,400,3.9,,,
4111,171,156,19,13.9,101,13.53030303,0.74,400,3.9,,,
4112,171,156,20,13.1,11.22222222,13.43030303,0.8,400,3.9,,,
4113,171,156,21,13.2,0,13.31818182,0.83,400,3.9,,,
4114,171,156,22,13.3,0,13.23636364,0.78,400,3.9,,,
4115,171,156,23,12.8,0,13.21515152,0.79,400,3.9,,,
4116,171,156,24,12.6,0,13.29393939,0.77,400,2.7,,,
4117,171,157,1,11.7,0,13.41212121,0.83,400,2.7,,,
4118,171,157,2,11.4,0,13.48484848,0.85,400,2.7,,,
4119,171,157,3,11.9,0,13.63333333,0.84,400,2.7,,,
4120,171,157,4,11.4,0,13.81818182,0.87,400,2.7,,,
4121,171,157,5,11.4,33.66666667,13.97575758,0.88,400,2.7,,,
4122,171,157,6,12.7,246.8888889,14.16060606,0.87,400,2.7,,,
4123,171,157,7,14.7,763.1111111,14.24242424,0.81,400,2.7,,,
4124,171,157,8,15.3,976.3333333,14.28181818,0.73,400,2.7,,,
4125,171,157,9,13.1,796.7777778,14.33939394,0.84,400,2.7,,,
4126,171,157,10,16,998.7777778,14.31515152,0.78,400,2.7,,,
4127,171,157,11,17.1,1346.666667,14.30909091,0.73,400,2.7,,,
4128,172,157,12,16.6,1111,14.26363636,0.73,400,2.7,,,
4129,172,157,13,17.7,1952.666667,14.16969697,0.64,400,2.7,,,
4130,172,157,14,13.7,482.5555556,14.04242424,0.87,400,2.7,,,
4131,172,157,15,13.2,246.8888889,13.86969697,0.9,400,2.7,,,
4132,172,157,16,14,673.3333333,13.63333333,0.86,400,2.7,,,
4133,172,157,17,12.7,426.4444444,13.35151515,0.82,400,2.7,,,
4134,172,157,18,13.2,314.2222222,13.09393939,0.83,400,2.7,,,
4135,172,157,19,12.8,325.4444444,12.88181818,0.8,400,2.7,,,
4136,172,157,20,12,33.66666667,12.68484848,0.88,400,2.7,,,
4137,172,157,21,11.4,0,12.50909091,0.86,400,2.7,,,
4138,172,157,22,10.2,0,12.37272727,0.91,400,2.7,,,
4139,172,157,23,8.9,0,12.26666667,0.92,400,2.7,,,
4140,172,157,24,8.6,0,12.17878788,0.95,400,2.4,,,
4141,172,158,1,9.5,0,12.17575758,0.96,400,2.4,,,
4142,172,158,2,9.4,0,12.18787879,0.95,400,2.4,,,
4143,172,158,3,9.1,0,12.23333333,0.95,400,2.4,,,
4144,172,158,4,8.1,0,12.29393939,0.96,400,2.4,,,
4145,172,158,5,8.6,101,12.4,0.95,400,2.4,,,
4146,172,158,6,9.7,258.1111111,12.50909091,0.88,400,2.4,,,
4147,172,158,7,10.4,336.6666667,12.61818182,0.82,400,2.4,,,
4148,172,158,8,12.7,953.8888889,12.68484848,0.74,400,2.4,,,
4149,172,158,9,13,1402.777778,12.68787879,0.61,400,2.4,,,
4150,172,158,10,13.2,1290.555556,12.65151515,0.48,400,2.4,,,
4151,172,158,11,13.4,1380.333333,12.65757576,0.51,400,2.4,,,
4152,173,158,12,15.4,1436.444444,12.56969697,0.48,400,2.4,,,
4153,173,158,13,15,1167.111111,12.43939394,0.49,400,2.4,,,
4154,173,158,14,15,976.3333333,12.28787879,0.48,400,2.4,,,
4155,173,158,15,14.9,1167.111111,12.1,0.53,400,2.4,,,
4156,173,158,16,14.8,628.4444444,12.02121212,0.51,400,2.4,,,
4157,173,158,17,14.1,707,11.95151515,0.56,400,2.4,,,
4158,173,158,18,13.3,112.2222222,11.85454545,0.61,400,2.4,,,
4159,173,158,19,13.1,112.2222222,11.7969697,0.65,400,2.4,,,
4160,173,158,20,12.8,22.44444444,11.72121212,0.7,400,2.4,,,
4161,173,158,21,11.6,0,11.63636364,0.76,400,2.4,,,
4162,173,158,22,11.5,0,11.59393939,0.74,400,2.4,,,
4163,173,158,23,11.1,0,11.62424242,0.78,400,2.4,,,
4164,173,158,24,10.9,0,11.72424242,0.79,400,1.2,,,
4165,173,159,1,10.8,0,11.91212121,0.79,400,1.2,,,
4166,173,159,2,10.8,0,12.16060606,0.79,400,1.2,,,
4167,173,159,3,10.7,0,12.4030303,0.78,400,1.2,,,
4168,173,159,4,10,0,12.64545455,0.85,400,1.2,,,
4169,173,159,5,10.6,44.88888889,12.90606061,0.87,400,1.2,,,
4170,173,159,6,12.4,179.5555556,13.18484848,0.78,400,1.2,,,
4171,173,159,7,13.5,426.4444444,13.50606061,0.67,400,1.2,,,
4172,173,159,8,15.1,852.8888889,13.76363636,0.6,400,1.2,,,
4173,173,159,9,16.8,1369.111111,13.98787879,0.56,400,1.2,,,
4174,173,159,10,17.5,1223.222222,14.15151515,0.55,400,1.2,,,
4175,173,159,11,17.4,931.4444444,14.28484848,0.53,400,1.2,,,
4176,174,159,12,17.7,1021.222222,14.37878788,0.5,400,1.2,,,
4177,174,159,13,17.3,808,14.43939394,0.56,400,1.2,,,
4178,174,159,14,19.2,1212,14.4,0.52,400,1.2,,,
4179,174,159,15,18.2,931.4444444,14.35757576,0.54,400,1.2,,,
4180,174,159,16,17.8,763.1111111,14.31212121,0.58,400,1.2,,,
4181,174,159,17,18.1,864.1111111,14.25454545,0.53,400,1.2,,,
4182,174,159,18,17.4,594.7777778,14.17272727,0.56,400,1.2,,,
4183,174,159,19,16.3,235.6666667,14.0969697,0.63,400,1.2,,,
4184,174,159,20,15.4,44.88888889,14.03333333,0.66,400,1.2,,,
4185,174,159,21,14.1,0,13.96363636,0.72,400,1.2,,,
4186,174,159,22,13.6,0,13.92727273,0.79,400,1.2,,,
4187,174,159,23,13.5,0,13.97575758,0.77,400,1.2,,,
4188,174,159,24,13,0,14.06666667,0.82,400,1.6,,,
4189,174,160,1,12.1,0,14.2,0.86,400,1.6,,,
4190,174,160,2,11.6,0,14.40909091,0.9,400,1.6,,,
4191,174,160,3,11.2,0,14.58484848,0.92,400,1.6,,,
4192,174,160,4,10.8,0,14.80606061,0.94,400,1.6,,,
4193,174,160,5,11.6,44.88888889,15.04848485,0.95,400,1.6,,,
4194,174,160,6,13.2,190.7777778,15.29090909,0.93,400,1.6,,,
4195,174,160,7,14.5,505,15.53333333,0.84,400,1.6,,,
4196,174,160,8,15.5,426.4444444,15.76666667,0.76,400,1.6,,,
4197,174,160,9,17.8,1380.333333,15.98484848,0.62,400,1.6,,,
4198,174,160,10,16.6,830.4444444,16.07878788,0.65,400,1.6,,,
4199,174,160,11,18.1,583.5555556,16.08181818,0.57,400,1.6,,,
4200,175,160,12,18.7,1043.666667,16.04242424,0.55,400,1.6,,,
4201,175,160,13,18,808,15.97272727,0.64,400,1.6,,,
4202,175,160,14,18.6,1223.222222,15.86969697,0.56,400,1.6,,,
4203,175,160,15,20.1,1021.222222,15.75757576,0.58,400,1.6,,,
4204,175,160,16,20.7,1133.444444,15.54545455,0.54,400,1.6,,,
4205,175,160,17,18.2,1021.222222,15.34848485,0.56,400,1.6,,,
4206,175,160,18,16.9,202,15.15757576,0.62,400,1.6,,,
4207,175,160,19,16.2,56.11111111,14.92424242,0.66,400,1.6,,,
4208,175,160,20,15.1,11.22222222,14.68181818,0.63,400,1.6,,,
4209,175,160,21,14.3,0,14.46363636,0.64,400,1.6,,,
4210,175,160,22,13.6,0,14.29393939,0.67,400,1.6,,,
4211,175,160,23,12.2,0,14.19393939,0.72,400,1.6,,,
4212,175,160,24,11.7,0,14.18181818,0.79,400,1.9,,,
4213,175,161,1,11.5,0,14.2030303,0.82,400,1.9,,,
4214,175,161,2,10.4,0,14.27272727,0.85,400,1.9,,,
4215,175,161,3,9.4,0,14.40909091,0.9,400,1.9,,,
4216,175,161,4,9.1,11.22222222,14.6030303,0.92,400,1.9,,,
4217,175,161,5,9.8,89.77777778,14.78484848,0.93,400,1.9,,,
4218,175,161,6,10.8,325.4444444,15.01818182,0.89,400,1.9,,,
4219,175,161,7,13.2,639.6666667,15.21818182,0.73,400,1.9,,,
4220,175,161,8,14.2,1043.666667,15.34545455,0.61,400,1.9,,,
4221,175,161,9,15.3,1380.333333,15.43939394,0.55,400,1.9,,,
4222,175,161,10,16.6,1470.111111,15.48181818,0.55,400,1.9,,,
4223,175,161,11,18,1414,15.45151515,0.53,400,1.9,,,
4224,176,161,12,17.2,1773.111111,15.43636364,0.49,400,1.9,,,
4225,176,161,13,18.5,1313,15.3030303,0.49,400,1.9,,,
4226,176,161,14,18.2,998.7777778,15.1030303,0.5,400,1.9,,,
4227,176,161,15,17.4,763.1111111,14.8969697,0.55,400,1.9,,,
4228,176,161,16,17.6,684.5555556,14.66666667,0.53,400,1.9,,,
4229,176,161,17,16.9,617.2222222,14.35454545,0.55,400,1.9,,,
4230,176,161,18,16.8,527.4444444,14.02727273,0.57,400,1.9,,,
4231,176,161,19,16.1,303,13.76363636,0.62,400,1.9,,,
4232,176,161,20,13.7,56.11111111,13.56060606,0.73,400,1.9,,,
4233,176,161,21,12.1,0,13.36666667,0.83,400,1.9,,,
4234,176,161,22,11.2,0,13.20606061,0.87,400,1.9,,,
4235,176,161,23,11,0,13.15454545,0.89,400,1.9,,,
4236,176,161,24,9.8,0,13.16969697,0.91,400,1.3,,,
4237,176,162,1,9.9,0,13.27878788,0.93,400,1.3,,,
4238,176,162,2,9.5,0,13.45151515,0.94,400,1.3,,,
4239,176,162,3,10.2,0,13.66363636,0.95,400,1.3,,,
4240,176,162,4,9.8,0,13.89393939,0.95,400,1.3,,,
4241,176,162,5,9.8,56.11111111,14.19090909,0.95,400,1.3,,,
4242,176,162,6,12.6,280.5555556,14.4969697,0.92,400,1.3,,,
4243,176,162,7,14.1,650.8888889,14.80909091,0.77,400,1.3,,,
4244,176,162,8,15.8,1021.222222,15.08181818,0.65,400,1.3,,,
4245,176,162,9,17.4,1369.111111,15.28181818,0.59,400,1.3,,,
4246,176,162,10,18.5,1582.333333,15.47878788,0.53,400,1.3,,,
4247,176,162,11,18,1515,15.61212121,0.5,400,1.3,,,
4248,177,162,12,19.2,1806.777778,15.6,0.48,400,1.3,,,
4249,177,162,13,19.2,1032.444444,15.51212121,0.47,400,1.3,,,
4250,177,162,14,20.1,695.7777778,15.40909091,0.48,400,1.3,,,
4251,177,162,15,19.8,1021.222222,15.29090909,0.46,400,1.3,,,
4252,177,162,16,19.8,314.2222222,15.17575758,0.48,400,1.3,,,
4253,177,162,17,20.7,785.5555556,15.04545455,0.42,400,1.3,,,
4254,177,162,18,19.7,549.8888889,14.90909091,0.53,400,1.3,,,
4255,177,162,19,16.2,157.1111111,14.7969697,0.64,400,1.3,,,
4256,177,162,20,15.1,22.44444444,14.68484848,0.64,400,1.3,,,
4257,177,162,21,13.8,0,14.58787879,0.72,400,1.3,,,
4258,177,162,22,14.6,0,14.55454545,0.75,400,1.3,,,
4259,177,162,23,14.4,0,14.54242424,0.78,400,1.3,,,
4260,177,162,24,13.1,0,14.57575758,0.93,400,2.3,,,
4261,177,163,1,13.1,0,14.63636364,0.95,400,2.3,,,
4262,177,163,2,13.2,0,14.75454545,0.96,400,2.3,,,
4263,177,163,3,13.1,0,14.92727273,0.97,400,2.3,,,
4264,177,163,4,12.9,0,15.11818182,0.97,400,2.3,,,
4265,177,163,5,12.6,0,15.2969697,0.96,400,2.3,,,
4266,177,163,6,11.7,67.33333333,15.43636364,0.96,400,2.3,,,
4267,177,163,7,12.3,224.4444444,15.57878788,0.92,400,2.3,,,
4268,177,163,8,13,325.4444444,15.67575758,0.87,400,2.3,,,
4269,177,163,9,13.7,482.5555556,15.73636364,0.82,400,2.3,,,
4270,177,163,10,15.6,909,15.76969697,0.76,400,2.3,,,
4271,177,163,11,15.8,1245.666667,15.67575758,0.68,400,2.3,,,
4272,178,163,12,16.1,583.5555556,15.53333333,0.69,400,2.3,,,
4273,178,163,13,14.4,493.7777778,15.39090909,0.85,400,2.3,,,
4274,178,163,14,14.5,1032.444444,15.18787879,0.83,400,2.3,,,
4275,178,163,15,15.8,1245.666667,14.96060606,0.75,400,2.3,,,
4276,178,163,16,16.1,1391.555556,14.71212121,0.72,400,2.3,,,
4277,178,163,17,16.9,998.7777778,14.48181818,0.65,400,2.3,,,
4278,178,163,18,14.3,359.1111111,14.25454545,0.84,400,2.3,,,
4279,178,163,19,13.8,157.1111111,13.94545455,0.81,400,2.3,,,
4280,178,163,20,13.3,44.88888889,13.64545455,0.83,400,2.3,,,
4281,178,163,21,12.5,0,13.44848485,0.87,400,2.3,,,
4282,178,163,22,11.7,0,13.30606061,0.91,400,2.3,,,
4283,178,163,23,11.9,0,13.24848485,0.93,400,2.3,,,
4284,178,163,24,12.2,0,13.22121212,0.93,400,2.8,,,
4285,178,164,1,12.3,0,13.24545455,0.92,400,2.8,,,
4286,178,164,2,10.5,0,13.34242424,0.93,400,2.8,,,
4287,178,164,3,9.8,0,13.48484848,0.95,400,2.8,,,
4288,178,164,4,9.7,0,13.67272727,0.96,400,2.8,,,
4289,178,164,5,10.4,67.33333333,13.89090909,0.97,400,2.8,,,
4290,178,164,6,11.9,246.8888889,14.15757576,0.95,400,2.8,,,
4291,178,164,7,13.7,493.7777778,14.41212121,0.87,400,2.8,,,
4292,178,164,8,15.2,707,14.70909091,0.82,400,2.8,,,
4293,178,164,9,16.3,774.3333333,14.99393939,0.8,400,2.8,,,
4294,178,164,10,17.8,1010,15.23030303,0.7,400,2.8,,,
4295,178,164,11,19.4,1223.222222,15.43030303,0.67,400,2.8,,,
4296,179,164,12,20.3,1290.555556,15.54848485,0.64,400,2.8,,,
4297,179,164,13,21.7,1616,15.6,0.6,400,2.8,,,
4298,179,164,14,21,1200.777778,15.5969697,0.61,400,2.8,,,
4299,179,164,15,21.5,1301.777778,15.62121212,0.6,400,2.8,,,
4300,179,164,16,21.7,998.7777778,15.61818182,0.57,400,2.8,,,
4301,179,164,17,20.8,886.5555556,15.50606061,0.61,400,2.8,,,
4302,179,164,18,20.3,516.2222222,15.36060606,0.63,400,2.8,,,
4303,179,164,19,19.5,202,15.15454545,0.64,400,2.8,,,
4304,179,164,20,17.5,22.44444444,15.01515152,0.67,400,2.8,,,
4305,179,164,21,16,0,14.9030303,0.72,400,2.8,,,
4306,179,164,22,15.2,0,14.82727273,0.69,400,2.8,,,
4307,179,164,23,14.4,0,14.82424242,0.71,400,2.8,,,
4308,179,164,24,12.1,0,14.92727273,0.82,400,1.9,,,
4309,179,165,1,11.3,0,15.10606061,0.86,400,1.9,,,
4310,179,165,2,10.1,0,15.33030303,0.87,400,1.9,,,
4311,179,165,3,9.7,0,15.58484848,0.9,400,1.9,,,
4312,179,165,4,10.1,0,15.93030303,0.92,400,1.9,,,
4313,179,165,5,10.8,78.55555556,16.32727273,0.86,400,1.9,,,
4314,179,165,6,12.4,291.7777778,16.71818182,0.86,400,1.9,,,
4315,179,165,7,15.1,594.7777778,17.12424242,0.66,400,1.9,,,
4316,179,165,8,17.8,942.6666667,17.4969697,0.62,400,1.9,,,
4317,179,165,9,19.6,1301.777778,17.79090909,0.6,400,1.9,,,
4318,179,165,10,20.7,1593.555556,18.01818182,0.59,400,1.9,,,
4319,179,165,11,21.9,1784.333333,18.2,0.54,400,1.9,,,
4320,180,165,12,22.9,1907.777778,18.29393939,0.52,400,1.9,,,
4321,180,165,13,22.6,1660.888889,18.25454545,0.54,400,1.9,,,
4322,180,165,14,23.8,1021.222222,18.16969697,0.49,400,1.9,,,
4323,180,165,15,24.2,1548.666667,18.02121212,0.49,400,1.9,,,
4324,180,165,16,23.4,1066.111111,17.87878788,0.52,400,1.9,,,
4325,180,165,17,22.7,875.3333333,17.7030303,0.5,400,1.9,,,
4326,180,165,18,22.3,415.2222222,17.46666667,0.54,400,1.9,,,
4327,180,165,19,20.9,280.5555556,17.24545455,0.59,400,1.9,,,
4328,180,165,20,18.1,44.88888889,17.01212121,0.68,400,1.9,,,
4329,180,165,21,17.5,0,16.81515152,0.7,400,1.9,,,
4330,180,165,22,16.8,0,16.72424242,0.68,400,1.9,,,
4331,180,165,23,16.3,0,16.71818182,0.73,400,1.9,,,
4332,180,165,24,15.7,0,16.79393939,0.76,400,1,,,
4333,180,166,1,13.9,0,16.97878788,0.84,400,1,,,
4334,180,166,2,13.5,0,17.28787879,0.85,400,1,,,
4335,180,166,3,12.6,0,17.64545455,0.92,400,1,,,
4336,180,166,4,13,0,18.05151515,0.93,400,1,,,
4337,180,166,5,14.5,78.55555556,18.51515152,0.88,400,1,,,
4338,180,166,6,15.8,303,18.93939394,0.83,400,1,,,
4339,180,166,7,17.7,617.2222222,19.36060606,0.75,400,1,,,
4340,180,166,8,20.5,965.1111111,19.71818182,0.66,400,1,,,
4341,180,166,9,22.3,1313,20.02424242,0.57,400,1,,,
4342,180,166,10,23.1,1582.333333,20.21818182,0.5,400,1,,,
4343,180,166,11,23.5,1784.333333,20.30909091,0.47,400,1,,,
4344,181,166,12,25,1806.777778,20.34545455,0.48,400,1,,,
4345,181,166,13,24.1,1481.333333,20.3030303,0.47,400,1,,,
4346,181,166,14,24.7,1806.777778,20.21818182,0.39,400,1,,,
4347,181,166,15,24.2,841.6666667,20.10606061,0.47,400,1,,,
4348,181,166,16,25.2,942.6666667,19.9,0.48,400,1,,,
4349,181,166,17,24.2,527.4444444,19.63939394,0.52,400,1,,,
4350,181,166,18,22.6,415.2222222,19.37575758,0.57,400,1,,,
4351,181,166,19,21.9,123.4444444,19.12424242,0.6,400,1,,,
4352,181,166,20,20.5,22.44444444,18.85151515,0.64,400,1,,,
4353,181,166,21,20.1,0,18.60606061,0.63,400,1,,,
4354,181,166,22,18.9,0,18.46363636,0.71,400,1,,,
4355,181,166,23,17,0,18.4,0.76,400,1,,,
4356,181,166,24,15.6,0,18.43636364,0.87,400,2.1,,,
4357,181,167,1,14.7,0,18.56969697,0.9,400,2.1,,,
4358,181,167,2,14.4,0,18.74848485,0.93,400,2.1,,,
4359,181,167,3,13.3,0,19.01818182,0.95,400,2.1,,,
4360,181,167,4,12.8,0,19.29090909,0.95,400,2.1,,,
4361,181,167,5,13.4,67.33333333,19.59393939,0.95,400,2.1,,,
4362,181,167,6,15.4,303,19.93333333,0.91,400,2.1,,,
4363,181,167,7,18,628.4444444,20.22727273,0.69,400,2.1,,,
4364,181,167,8,20.7,1010,20.47575758,0.6,400,2.1,,,
4365,181,167,9,21.6,1335.444444,20.61818182,0.55,400,2.1,,,
4366,181,167,10,22.8,1649.666667,20.68181818,0.46,400,2.1,,,
4367,181,167,11,22.5,1705.777778,20.65151515,0.49,400,2.1,,,
4368,182,167,12,22.6,1829.222222,20.53030303,0.49,400,2.1,,,
4369,182,167,13,24.2,1750.666667,20.32121212,0.44,400,2.1,,,
4370,182,167,14,24.2,1660.888889,20.02727273,0.46,400,2.1,,,
4371,182,167,15,24,1054.888889,19.72727273,0.47,400,2.1,,,
4372,182,167,16,22.4,628.4444444,19.38484848,0.52,400,2.1,,,
4373,182,167,17,22.6,808,19.06363636,0.51,400,2.1,,,
4374,182,167,18,21.3,628.4444444,18.67272727,0.47,400,2.1,,,
4375,182,167,19,19.1,291.7777778,18.35151515,0.49,400,2.1,,,
4376,182,167,20,16.6,44.88888889,18.08787879,0.62,400,2.1,,,
4377,182,167,21,15.3,0,17.83939394,0.73,400,2.1,,,
4378,182,167,22,14.2,0,17.61212121,0.81,400,2.1,,,
4379,182,167,23,13.4,0,17.41818182,0.85,400,2.1,,,
4380,182,167,24,13.6,0,17.28181818,0.87,400,2.3,,,
4381,182,168,1,12.3,0,17.24242424,0.9,400,2.3,,,
4382,182,168,2,13.6,0,17.26969697,0.9,400,2.3,,,
4383,182,168,3,13.9,0,17.35757576,0.92,400,2.3,,,
4384,182,168,4,13.7,0,17.47878788,0.9,400,2.3,,,
4385,182,168,5,13,78.55555556,17.63030303,0.88,400,2.3,,,
4386,182,168,6,13.7,325.4444444,17.82727273,0.83,400,2.3,,,
4387,182,168,7,14.4,662.1111111,18.02121212,0.75,400,2.3,,,
4388,182,168,8,15.7,1010,18.16969697,0.66,400,2.3,,,
4389,182,168,9,16.5,1369.111111,18.25454545,0.61,400,2.3,,,
4390,182,168,10,17.6,1616,18.24242424,0.58,400,2.3,,,
4391,182,168,11,18.4,1784.333333,18.18181818,0.52,400,2.3,,,
4392,183,168,12,18.3,1997.555556,18.04242424,0.51,400,2.3,,,
4393,183,168,13,19.3,1941.444444,17.81515152,0.51,400,2.3,,,
4394,183,168,14,19.8,1795.555556,17.55151515,0.49,400,2.3,,,
4395,183,168,15,20.3,1627.222222,17.2,0.46,400,2.3,,,
4396,183,168,16,20.8,1346.666667,16.85151515,0.46,400,2.3,,,
4397,183,168,17,20.3,987.5555556,16.46666667,0.44,400,2.3,,,
4398,183,168,18,19.6,628.4444444,16.15454545,0.41,400,2.3,,,
4399,183,168,19,18.2,303,15.76666667,0.49,400,2.3,,,
4400,183,168,20,15,44.88888889,15.41212121,0.61,400,2.3,,,
4401,183,168,21,13.9,0,15.0969697,0.66,400,2.3,,,
4402,183,168,22,12.6,0,14.92121212,0.73,400,2.3,,,
4403,183,168,23,12.7,0,14.84545455,0.74,400,2.3,,,
4404,183,168,24,11.3,0,14.85151515,0.75,400,1.2,,,
4405,183,169,1,12.1,0,14.94545455,0.75,400,1.2,,,
4406,183,169,2,9.8,0,15.08484848,0.84,400,1.2,,,
4407,183,169,3,9.6,0,15.3,0.86,400,1.2,,,
4408,183,169,4,8.7,11.22222222,15.49090909,0.89,400,1.2,,,
4409,183,169,5,10.8,89.77777778,15.7030303,0.85,400,1.2,,,
4410,183,169,6,12.8,359.1111111,15.94242424,0.83,400,1.2,,,
4411,183,169,7,14.4,695.7777778,16.23333333,0.72,400,1.2,,,
4412,183,169,8,16.5,1043.666667,16.52121212,0.61,400,1.2,,,
4413,183,169,9,18.2,1391.555556,16.8,0.54,400,1.2,,,
4414,183,169,10,19.4,1694.555556,17.03333333,0.39,400,1.2,,,
4415,183,169,11,19.9,1907.777778,17.21818182,0.37,400,1.2,,,
4416,184,169,12,20.9,2031.222222,17.32424242,0.31,400,1.2,,,
4417,184,169,13,21.6,2008.777778,17.34848485,0.29,400,1.2,,,
4418,184,169,14,22.6,1874.111111,17.32121212,0.34,400,1.2,,,
4419,184,169,15,23.2,1660.888889,17.23636364,0.35,400,1.2,,,
4420,184,169,16,23.6,1335.444444,17.0969697,0.34,400,1.2,,,
4421,184,169,17,23.4,998.7777778,16.87575758,0.36,400,1.2,,,
4422,184,169,18,22.6,617.2222222,16.61212121,0.39,400,1.2,,,
4423,184,169,19,21.1,235.6666667,16.37878788,0.51,400,1.2,,,
4424,184,169,20,19.2,33.66666667,16.16969697,0.54,400,1.2,,,
4425,184,169,21,17.4,0,15.99393939,0.63,400,1.2,,,
4426,184,169,22,16.5,0,15.93939394,0.74,400,1.2,,,
4427,184,169,23,15.2,0,15.93939394,0.74,400,1.2,,,
4428,184,169,24,13,0,16.0030303,0.81,400,3,,,
4429,184,170,1,12.1,0,16.08181818,0.88,400,3,,,
4430,184,170,2,12.6,0,16.21818182,0.89,400,3,,,
4431,184,170,3,12.7,0,16.35454545,0.91,400,3,,,
4432,184,170,4,12.4,0,16.56969697,0.9,400,3,,,
4433,184,170,5,13.2,33.66666667,16.83333333,0.85,400,3,,,
4434,184,170,6,13.9,112.2222222,17.12121212,0.79,400,3,,,
4435,184,170,7,14.7,202,17.33939394,0.75,400,3,,,
4436,184,170,8,15.3,258.1111111,17.45454545,0.72,400,3,,,
4437,184,170,9,15.8,303,17.55151515,0.72,400,3,,,
4438,184,170,10,16.6,370.3333333,17.57575758,0.71,400,3,,,
4439,184,170,11,16.9,471.3333333,17.53030303,0.71,400,3,,,
4440,185,170,12,18.3,729.4444444,17.43636364,0.67,400,3,,,
4441,185,170,13,18.2,639.6666667,17.26969697,0.65,400,3,,,
4442,185,170,14,18,505,17.02727273,0.65,400,3,,,
4443,185,170,15,16.6,482.5555556,16.75151515,0.78,400,3,,,
4444,185,170,16,17.6,392.7777778,16.4030303,0.82,400,3,,,
4445,185,170,17,17.3,325.4444444,16.0030303,0.85,400,3,,,
4446,185,170,18,16.7,213.2222222,15.56969697,0.85,400,3,,,
4447,185,170,19,16.3,168.3333333,15.10606061,0.7,400,3,,,
4448,185,170,20,14.4,22.44444444,14.66363636,0.68,400,3,,,
4449,185,170,21,12.9,0,14.3,0.65,400,3,,,
4450,185,170,22,12.5,0,14.00909091,0.7,400,3,,,
4451,185,170,23,11.1,0,13.83030303,0.76,400,3,,,
4452,185,170,24,10,0,13.73939394,0.79,400,2.9,,,
4453,185,171,1,9.3,0,13.72121212,0.84,400,2.9,,,
4454,185,171,2,8.1,0,13.80606061,0.88,400,2.9,,,
4455,185,171,3,8,0,13.88181818,0.9,400,2.9,,,
4456,185,171,4,9.1,11.22222222,13.93333333,0.91,400,2.9,,,
4457,185,171,5,9.6,78.55555556,13.9969697,0.91,400,2.9,,,
4458,185,171,6,11.5,359.1111111,14.06969697,0.85,400,2.9,,,
4459,185,171,7,13.5,695.7777778,14.13636364,0.69,400,2.9,,,
4460,185,171,8,14.6,864.1111111,14.2,0.61,400,2.9,,,
4461,185,171,9,15.8,1301.777778,14.24545455,0.5,400,2.9,,,
4462,185,171,10,14.6,673.3333333,14.26969697,0.57,400,2.9,,,
4463,185,171,11,14.3,695.7777778,14.27272727,0.56,400,2.9,,,
4464,186,171,12,14.8,897.7777778,14.21212121,0.52,400,2.9,,,
4465,186,171,13,14.8,965.1111111,14.07575758,0.48,400,2.9,,,
4466,186,171,14,15.4,1200.777778,13.84545455,0.48,400,2.9,,,
4467,186,171,15,16,1043.666667,13.56363636,0.45,400,2.9,,,
4468,186,171,16,16.2,1088.555556,13.30606061,0.43,400,2.9,,,
4469,186,171,17,16.1,875.3333333,13.01212121,0.41,400,2.9,,,
4470,186,171,18,15.9,549.8888889,12.68484848,0.46,400,2.9,,,
4471,186,171,19,14.6,291.7777778,12.36969697,0.48,400,2.9,,,
4472,186,171,20,12.4,56.11111111,12.04242424,0.56,400,2.9,,,
4473,186,171,21,10.7,0,11.72727273,0.65,400,2.9,,,
4474,186,171,22,8.9,0,11.5030303,0.71,400,2.9,,,
4475,186,171,23,9.5,0,11.38484848,0.74,400,2.9,,,
4476,186,171,24,6.9,0,11.36666667,0.83,400,1.1,,,
4477,186,172,1,6.8,0,11.47575758,0.86,400,1.1,,,
4478,186,172,2,6.9,0,11.65757576,0.87,400,1.1,,,
4479,186,172,3,5.9,0,11.85151515,0.9,400,1.1,,,
4480,186,172,4,5.9,11.22222222,12.12424242,0.92,400,1.1,,,
4481,186,172,5,7,89.77777778,12.40909091,0.93,400,1.1,,,
4482,186,172,6,9,370.3333333,12.66666667,0.9,400,1.1,,,
4483,186,172,7,11.9,673.3333333,12.8969697,0.77,400,1.1,,,
4484,186,172,8,14.7,1032.444444,13.09090909,0.66,400,1.1,,,
4485,186,172,9,16,1335.444444,13.23333333,0.54,400,1.1,,,
4486,186,172,10,15.7,1133.444444,13.33636364,0.5,400,1.1,,,
4487,186,172,11,17.1,1537.444444,13.40606061,0.42,400,1.1,,,
4488,187,172,12,17.4,1167.111111,13.48181818,0.41,400,1.1,,,
4489,187,172,13,17.6,1930.222222,13.52121212,0.42,400,1.1,,,
4490,187,172,14,17.2,740.6666667,13.43030303,0.41,400,1.1,,,
4491,187,172,15,17.9,606,13.28484848,0.42,400,1.1,,,
4492,187,172,16,18.2,841.6666667,13.11818182,0.39,400,1.1,,,
4493,187,172,17,18,695.7777778,12.91818182,0.42,400,1.1,,,
4494,187,172,18,18.1,617.2222222,12.73636364,0.44,400,1.1,,,
4495,187,172,19,17.1,269.3333333,12.5030303,0.48,400,1.1,,,
4496,187,172,20,15.6,44.88888889,12.26666667,0.51,400,1.1,,,
4497,187,172,21,11.8,0,12.04848485,0.7,400,1.1,,,
4498,187,172,22,10,0,11.96363636,0.7,400,1.1,,,
4499,187,172,23,9.9,0,11.99393939,0.74,400,1.1,,,
4500,187,172,24,9.4,0,12.23636364,0.72,400,1.2,,,
4501,187,173,1,10.2,0,12.50909091,0.68,400,1.2,,,
4502,187,173,2,8.4,0,12.86060606,0.8,400,1.2,,,
4503,187,173,3,8.1,0,13.20909091,0.86,400,1.2,,,
4504,187,173,4,7.4,0,13.6030303,0.9,400,1.2,,,
4505,187,173,5,9.6,78.55555556,14.03333333,0.88,400,1.2,,,
4506,187,173,6,11.7,325.4444444,14.51515152,0.79,400,1.2,,,
4507,187,173,7,16.9,650.8888889,14.93636364,0.66,400,1.2,,,
4508,187,173,8,18.5,976.3333333,15.28181818,0.5,400,1.2,,,
4509,187,173,9,18.5,1391.555556,15.54545455,0.45,400,1.2,,,
4510,187,173,10,18.3,1212,15.7030303,0.48,400,1.2,,,
4511,187,173,11,19.9,1919,15.81212121,0.39,400,1.2,,,
4512,188,173,12,20.1,1380.333333,15.88484848,0.39,400,1.2,,,
4513,188,173,13,21.8,1975.111111,15.82727273,0.4,400,1.2,,,
4514,188,173,14,20.9,1728.222222,15.71212121,0.36,400,1.2,,,
4515,188,173,15,20.4,1301.777778,15.57575758,0.4,400,1.2,,,
4516,188,173,16,20.6,572.3333333,15.43030303,0.39,400,1.2,,,
4517,188,173,17,19.9,426.4444444,15.28484848,0.44,400,1.2,,,
4518,188,173,18,19.6,448.8888889,15.11818182,0.45,400,1.2,,,
4519,188,173,19,18.1,269.3333333,14.92121212,0.49,400,1.2,,,
4520,188,173,20,15.2,44.88888889,14.67878788,0.6,400,1.2,,,
4521,188,173,21,13.6,0,14.45454545,0.65,400,1.2,,,
4522,188,173,22,13.1,0,14.30909091,0.68,400,1.2,,,
4523,188,173,23,12.4,0,14.39393939,0.68,400,1.2,,,
4524,188,173,24,13.1,0,14.60909091,0.72,400,2,,,
4525,188,174,1,12.7,0,14.88181818,0.7,400,2,,,
4526,188,174,2,11.5,0,15.20606061,0.8,400,2,,,
4527,188,174,3,10.1,0,15.54545455,0.82,400,2,,,
4528,188,174,4,9.7,0,15.95151515,0.86,400,2,,,
4529,188,174,5,10.8,89.77777778,16.38787879,0.83,400,2,,,
4530,188,174,6,14.6,325.4444444,16.86060606,0.76,400,2,,,
4531,188,174,7,17.1,650.8888889,17.28181818,0.66,400,2,,,
4532,188,174,8,18.9,1032.444444,17.63030303,0.55,400,2,,,
4533,188,174,9,20.1,1369.111111,17.82121212,0.51,400,2,,,
4534,188,174,10,21.4,1638.444444,17.95757576,0.44,400,2,,,
4535,188,174,11,21.8,1874.111111,18.07272727,0.4,400,2,,,
4536,189,174,12,22.5,1986.333333,18.12121212,0.4,400,2,,,
4537,189,174,13,23,1975.111111,18.03939394,0.4,400,2,,,
4538,189,174,14,23.5,1829.222222,17.91212121,0.4,400,2,,,
4539,189,174,15,23.2,1593.555556,17.7030303,0.38,400,2,,,
4540,189,174,16,23.2,1301.777778,17.51818182,0.38,400,2,,,
4541,189,174,17,23,965.1111111,17.33636364,0.4,400,2,,,
4542,189,174,18,22.3,617.2222222,17.11212121,0.41,400,2,,,
4543,189,174,19,19.9,280.5555556,16.88484848,0.5,400,2,,,
4544,189,174,20,17.2,56.11111111,16.65757576,0.57,400,2,,,
4545,189,174,21,15.9,0,16.42727273,0.63,400,2,,,
4546,189,174,22,14.9,0,16.32121212,0.68,400,2,,,
4547,189,174,23,14.8,0,16.31818182,0.68,400,2,,,
4548,189,174,24,14.4,0,16.4,0.68,400,1.8,,,
4549,189,175,1,13.2,0,16.56969697,0.74,400,1.8,,,
4550,189,175,2,12.4,0,16.79393939,0.79,400,1.8,,,
4551,189,175,3,12.1,0,17.06363636,0.82,400,1.8,,,
4552,189,175,4,10.5,0,17.41212121,0.87,400,1.8,,,
4553,189,175,5,11.7,78.55555556,17.82121212,0.86,400,1.8,,,
4554,189,175,6,13.5,314.2222222,18.26666667,0.81,400,1.8,,,
4555,189,175,7,15.8,639.6666667,18.71818182,0.67,400,1.8,,,
4556,189,175,8,18,1010,19.04242424,0.62,400,1.8,,,
4557,189,175,9,20.5,1346.666667,19.29090909,0.55,400,1.8,,,
4558,189,175,10,21.6,1660.888889,19.46969697,0.45,400,1.8,,,
4559,189,175,11,23,1874.111111,19.58181818,0.41,400,1.8,,,
4560,190,175,12,23.6,1963.888889,19.58484848,0.39,400,1.8,,,
4561,190,175,13,24.4,1930.222222,19.47878788,0.36,400,1.8,,,
4562,190,175,14,25.7,1818,19.32424242,0.38,400,1.8,,,
4563,190,175,15,25.3,1571.111111,19.10606061,0.35,400,1.8,,,
4564,190,175,16,25.3,1279.333333,18.84242424,0.37,400,1.8,,,
4565,190,175,17,24.8,920.2222222,18.58787879,0.38,400,1.8,,,
4566,190,175,18,23.8,583.5555556,18.31212121,0.4,400,1.8,,,
4567,190,175,19,21.5,269.3333333,18.01818182,0.48,400,1.8,,,
4568,190,175,20,18.3,44.88888889,17.73939394,0.58,400,1.8,,,
4569,190,175,21,17.4,0,17.53030303,0.6,400,1.8,,,
4570,190,175,22,15.8,0,17.45757576,0.68,400,1.8,,,
4571,190,175,23,14.8,0,17.43333333,0.74,400,1.8,,,
4572,190,175,24,14.8,0,17.43030303,0.74,400,2.6,,,
4573,190,176,1,14.1,0,17.47272727,0.75,400,2.6,,,
4574,190,176,2,13.3,0,17.6,0.78,400,2.6,,,
4575,190,176,3,13.1,0,17.84848485,0.78,400,2.6,,,
4576,190,176,4,13,11.22222222,18.2030303,0.79,400,2.6,,,
4577,190,176,5,14.8,112.2222222,18.55757576,0.79,400,2.6,,,
4578,190,176,6,15.1,168.3333333,18.95757576,0.79,400,2.6,,,
4579,190,176,7,14.8,78.55555556,19.2969697,0.78,400,2.6,,,
4580,190,176,8,16.2,179.5555556,19.57878788,0.8,400,2.6,,,
4581,190,176,9,18.6,751.8888889,19.76969697,0.67,400,2.6,,,
4582,190,176,10,21.4,942.6666667,19.87878788,0.62,400,2.6,,,
4583,190,176,11,24.1,1773.111111,19.9,0.57,400,2.6,,,
4584,191,176,12,23.8,1919,19.85757576,0.58,400,2.6,,,
4585,191,176,13,23.7,1324.222222,19.74848485,0.61,400,2.6,,,
4586,191,176,14,22.9,953.8888889,19.5969697,0.62,400,2.6,,,
4587,191,176,15,22.8,1032.444444,19.40909091,0.6,400,2.6,,,
4588,191,176,16,22.1,606,19.15454545,0.68,400,2.6,,,
4589,191,176,17,21.6,359.1111111,18.90909091,0.7,400,2.6,,,
4590,191,176,18,21.2,370.3333333,18.64242424,0.61,400,2.6,,,
4591,191,176,19,20.2,157.1111111,18.38484848,0.66,400,2.6,,,
4592,191,176,20,19.4,44.88888889,18.14545455,0.69,400,2.6,,,
4593,191,176,21,18.6,0,17.96666667,0.68,400,2.6,,,
4594,191,176,22,18.2,0,17.88181818,0.66,400,2.6,,,
4595,191,176,23,17.3,0,17.83030303,0.7,400,2.6,,,
4596,191,176,24,17.2,0,17.84545455,0.7,400,3.8,,,
4597,191,177,1,16.5,0,17.89090909,0.74,400,3.8,,,
4598,191,177,2,16.3,0,17.94242424,0.76,400,3.8,,,
4599,191,177,3,15.9,0,18.06969697,0.78,400,3.8,,,
4600,191,177,4,15.6,0,18.24242424,0.8,400,3.8,,,
4601,191,177,5,15.5,22.44444444,18.36060606,0.8,400,3.8,,,
4602,191,177,6,15.7,78.55555556,18.50909091,0.81,400,3.8,,,
4603,191,177,7,16.3,224.4444444,18.6030303,0.79,400,3.8,,,
4604,191,177,8,16.3,168.3333333,18.67272727,0.8,400,3.8,,,
4605,191,177,9,16.5,370.3333333,18.79393939,0.8,400,3.8,,,
4606,191,177,10,18.3,920.2222222,18.89393939,0.64,400,3.8,,,
4607,191,177,11,19,1200.777778,18.85151515,0.6,400,3.8,,,
4608,192,177,12,17,505,18.71212121,0.77,400,3.8,,,
4609,192,177,13,17.9,695.7777778,18.43939394,0.76,400,3.8,,,
4610,192,177,14,17.9,718.2222222,18.15151515,0.79,400,3.8,,,
4611,192,177,15,17.4,516.2222222,17.84545455,0.69,400,3.8,,,
4612,192,177,16,18.8,886.5555556,17.54545455,0.58,400,3.8,,,
4613,192,177,17,19.5,819.2222222,17.23030303,0.47,400,3.8,,,
4614,192,177,18,17.2,291.7777778,16.93636364,0.52,400,3.8,,,
4615,192,177,19,16.8,112.2222222,16.63333333,0.54,400,3.8,,,
4616,192,177,20,15.1,11.22222222,16.31515152,0.58,400,3.8,,,
4617,192,177,21,14.3,0,16.01818182,0.61,400,3.8,,,
4618,192,177,22,13.6,0,15.75151515,0.68,400,3.8,,,
4619,192,177,23,13,0,15.55757576,0.72,400,3.8,,,
4620,192,177,24,12.4,0,15.40909091,0.77,400,3.8,,,
4621,192,178,1,12.4,0,15.32727273,0.75,400,3.8,,,
4622,192,178,2,11.6,0,15.27575758,0.77,400,3.8,,,
4623,192,178,3,10.7,0,15.28181818,0.83,400,3.8,,,
4624,192,178,4,10.4,0,15.27878788,0.85,400,3.8,,,
4625,192,178,5,10.6,56.11111111,15.33636364,0.85,400,3.8,,,
4626,192,178,6,12.2,336.6666667,15.40909091,0.78,400,3.8,,,
4627,192,178,7,13.3,617.2222222,15.53636364,0.7,400,3.8,,,
4628,192,178,8,14.6,695.7777778,15.64242424,0.67,400,3.8,,,
4629,192,178,9,15.5,953.8888889,15.71212121,0.59,400,3.8,,,
4630,192,178,10,16.7,841.6666667,15.80606061,0.54,400,3.8,,,
4631,192,178,11,16.2,819.2222222,15.86969697,0.53,400,3.8,,,
4632,193,178,12,17.8,763.1111111,15.86363636,0.5,400,3.8,,,
4633,193,178,13,18,808,15.82727273,0.5,400,3.8,,,
4634,193,178,14,19.7,628.4444444,15.82727273,0.5,400,3.8,,,
4635,193,178,15,19.2,942.6666667,15.79393939,0.47,400,3.8,,,
4636,193,178,16,18.6,404,15.74545455,0.52,400,3.8,,,
4637,193,178,17,19.4,460.1111111,15.68484848,0.5,400,3.8,,,
4638,193,178,18,18.6,347.8888889,15.57272727,0.54,400,3.8,,,
4639,193,178,19,18.1,145.8888889,15.44242424,0.57,400,3.8,,,
4640,193,178,20,17.8,33.66666667,15.36666667,0.6,400,3.8,,,
4641,193,178,21,17,0,15.2969697,0.64,400,3.8,,,
4642,193,178,22,16.8,0,15.27878788,0.67,400,3.8,,,
4643,193,178,23,16.3,0,15.3030303,0.69,400,3.8,,,
4644,193,178,24,15.4,0,15.38787879,0.78,400,3.9,,,
4645,193,179,1,15.1,0,15.4969697,0.76,400,3.9,,,
4646,193,179,2,15.2,0,15.65151515,0.76,400,3.9,,,
4647,193,179,3,14.7,0,15.84848485,0.8,400,3.9,,,
4648,193,179,4,14.5,0,16.0969697,0.81,400,3.9,,,
4649,193,179,5,14.5,11.22222222,16.37878788,0.82,400,3.9,,,
4650,193,179,6,15.1,123.4444444,16.66969697,0.81,400,3.9,,,
4651,193,179,7,16.4,426.4444444,16.94545455,0.74,400,3.9,,,
4652,193,179,8,16.6,527.4444444,17.23939394,0.77,400,3.9,,,
4653,193,179,9,17.5,617.2222222,17.42121212,0.73,400,3.9,,,
4654,193,179,10,18.9,673.3333333,17.61818182,0.68,400,3.9,,,
4655,193,179,11,19.8,976.3333333,17.77878788,0.65,400,3.9,,,
4656,194,179,12,20,909,17.86969697,0.66,400,3.9,,,
4657,194,179,13,20,617.2222222,17.93636364,0.67,400,3.9,,,
4658,194,179,14,19.7,460.1111111,17.93636364,0.69,400,3.9,,,
4659,194,179,15,21.9,1133.444444,17.91515152,0.59,400,3.9,,,
4660,194,179,16,19.3,482.5555556,17.84242424,0.84,400,3.9,,,
4661,194,179,17,21.1,751.8888889,17.77575758,0.75,400,3.9,,,
4662,194,179,18,20.8,583.5555556,17.70909091,0.72,400,3.9,,,
4663,194,179,19,19.7,303,17.58484848,0.74,400,3.9,,,
4664,194,179,20,18.4,56.11111111,17.49393939,0.78,400,3.9,,,
4665,194,179,21,17.8,0,17.41818182,0.82,400,3.9,,,
4666,194,179,22,17.3,0,17.35454545,0.86,400,3.9,,,
4667,194,179,23,17.3,0,17.30606061,0.84,400,3.9,,,
4668,194,179,24,17,0,17.26666667,0.85,400,2.4,,,
4669,194,180,1,16.4,0,17.24242424,0.83,400,2.4,,,
4670,194,180,2,15.3,0,17.30909091,0.91,400,2.4,,,
4671,194,180,3,15.6,0,17.39393939,0.91,400,2.4,,,
4672,194,180,4,15.6,0,17.48484848,0.9,400,2.4,,,
4673,194,180,5,15.7,22.44444444,17.61212121,0.9,400,2.4,,,
4674,194,180,6,15.4,67.33333333,17.74848485,0.92,400,2.4,,,
4675,194,180,7,15.5,145.8888889,17.88181818,0.93,400,2.4,,,
4676,194,180,8,15.5,347.8888889,18.02121212,0.88,400,2.4,,,
4677,194,180,9,17.6,1043.666667,18.11212121,0.68,400,2.4,,,
4678,194,180,10,17.9,1054.888889,18.19090909,0.67,400,2.4,,,
4679,194,180,11,18.2,1077.333333,18.23939394,0.59,400,2.4,,,
4680,195,180,12,18.9,875.3333333,18.20606061,0.58,400,2.4,,,
4681,195,180,13,19,1178.333333,18.12727273,0.5,400,2.4,,,
4682,195,180,14,18.9,897.7777778,17.98787879,0.5,400,2.4,,,
4683,195,180,15,19.7,942.6666667,17.7969697,0.5,400,2.4,,,
4684,195,180,16,19.4,1021.222222,17.56363636,0.49,400,2.4,,,
4685,195,180,17,19.2,695.7777778,17.26969697,0.51,400,2.4,,,
4686,195,180,18,19.1,404,17.03030303,0.52,400,2.4,,,
4687,195,180,19,17.8,123.4444444,16.71515152,0.58,400,2.4,,,
4688,195,180,20,17.2,33.66666667,16.41212121,0.63,400,2.4,,,
4689,195,180,21,15.4,0,16.13030303,0.67,400,2.4,,,
4690,195,180,22,13.7,0,15.93030303,0.75,400,2.4,,,
4691,195,180,23,12,0,15.82424242,0.8,400,2.4,,,
4692,195,180,24,12.2,0,15.77878788,0.85,400,1.7,,,
4693,195,181,1,11.4,0,15.76666667,0.87,400,1.7,,,
4694,195,181,2,10.7,0,15.8,0.89,400,1.7,,,
4695,195,181,3,10.8,0,15.86666667,0.93,400,1.7,,,
4696,195,181,4,10.4,0,15.97878788,0.93,400,1.7,,,
4697,195,181,5,11.8,44.88888889,16.13333333,0.93,400,1.7,,,
4698,195,181,6,14.3,213.2222222,16.31818182,0.92,400,1.7,,,
4699,195,181,7,15.8,572.3333333,16.49090909,0.65,400,1.7,,,
4700,195,181,8,16.9,538.6666667,16.66363636,0.65,400,1.7,,,
4701,195,181,9,18.1,808,16.83333333,0.62,400,1.7,,,
4702,195,181,10,18.6,695.7777778,17.04242424,0.62,400,1.7,,,
4703,195,181,11,19,852.8888889,17.18181818,0.6,400,1.7,,,
4704,196,181,12,20.7,1548.666667,17.28181818,0.59,400,1.7,,,
4705,196,181,13,21.7,1313,17.31212121,0.57,400,1.7,,,
4706,196,181,14,21.4,886.5555556,17.27575758,0.6,400,1.7,,,
4707,196,181,15,21.1,538.6666667,17.15757576,0.62,400,1.7,,,
4708,196,181,16,21.1,516.2222222,17.03636364,0.62,400,1.7,,,
4709,196,181,17,22.4,684.5555556,16.88484848,0.57,400,1.7,,,
4710,196,181,18,22.2,639.6666667,16.80625,0.54,400,1.7,,,
4711,196,181,19,21.2,303,16.72903226,0.58,400,1.7,,,
4712,196,181,20,19.2,44.88888889,16.65,0.66,400,1.7,,,
4713,196,181,21,17.7,0,16.61034483,0.73,400,1.7,,,
4714,196,181,22,15.1,0,16.58928571,0.81,400,1.7,,,
4715,196,181,23,14.9,0,16.63333333,0.86,400,1.7,,,
4716,196,181,24,14.7,0,16.74615385,0.88,400,2.2,,,
