plant,metamer,phyllochron
1,5,88.09796069000001
1,6,89.29929650999999
