plant,metamer,phyllochron
1,5,74.48282130999999
1,6,77.28593824
