plant,metamer,phyllochron
1,5,88.09796069000001
1,6,89.29929650999999
1,7,98.90998313999998
1,8,124.13803552000002
1,9,114.52734889000004
1,10,92.50285871999995
1,11,93.30374928000003
1,12,80.08905516999994
1,13,76.08460241
1,14,70.87881383000001
1,15,66.07347050999999
