plant,metamer,phyllochron
1,5,100.51176423999999
1,6,108.92111503000001
1,7,138.15362017
